<?xml version="1.0" encoding="UTF-8"?>
<kml xmlns="http://www.opengis.net/kml/2.2" xmlns:gx="http://www.google.com/kml/ext/2.2" xmlns:kml="http://www.opengis.net/kml/2.2" xmlns:atom="http://www.w3.org/2005/Atom">
<Document>
	<name>SANTA MARIA COMPLETO</name>
	<open>1</open>
	<atom:link rel="app" href="https://www.google.com/earth/about/versions/#earth-pro" title="Google Earth Pro 7.3.7.1327"></atom:link>
	<StyleMap id="msn_A">
		<Pair>
			<key>normal</key>
			<styleUrl>#sn_A3</styleUrl>
		</Pair>
		<Pair>
			<key>highlight</key>
			<styleUrl>#sh_A2</styleUrl>
		</Pair>
	</StyleMap>
	<StyleMap id="msn_A0">
		<Pair>
			<key>normal</key>
			<styleUrl>#sn_A</styleUrl>
		</Pair>
		<Pair>
			<key>highlight</key>
			<styleUrl>#sh_A</styleUrl>
		</Pair>
	</StyleMap>
	<StyleMap id="msn_A00">
		<Pair>
			<key>normal</key>
			<styleUrl>#sn_A1</styleUrl>
		</Pair>
		<Pair>
			<key>highlight</key>
			<styleUrl>#sh_A0</styleUrl>
		</Pair>
	</StyleMap>
	<StyleMap id="msn_A2">
		<Pair>
			<key>normal</key>
			<styleUrl>#sn_A0</styleUrl>
		</Pair>
		<Pair>
			<key>highlight</key>
			<styleUrl>#sh_A20</styleUrl>
		</Pair>
	</StyleMap>
	<StyleMap id="msn_A3">
		<Pair>
			<key>normal</key>
			<styleUrl>#sn_A2</styleUrl>
		</Pair>
		<Pair>
			<key>highlight</key>
			<styleUrl>#sh_A1</styleUrl>
		</Pair>
	</StyleMap>
	<StyleMap id="msn_B">
		<Pair>
			<key>normal</key>
			<styleUrl>#sn_B</styleUrl>
		</Pair>
		<Pair>
			<key>highlight</key>
			<styleUrl>#sh_B2</styleUrl>
		</Pair>
	</StyleMap>
	<StyleMap id="msn_B0">
		<Pair>
			<key>normal</key>
			<styleUrl>#sn_B1</styleUrl>
		</Pair>
		<Pair>
			<key>highlight</key>
			<styleUrl>#sh_B0</styleUrl>
		</Pair>
	</StyleMap>
	<StyleMap id="msn_B00">
		<Pair>
			<key>normal</key>
			<styleUrl>#sn_B0</styleUrl>
		</Pair>
		<Pair>
			<key>highlight</key>
			<styleUrl>#sh_B1</styleUrl>
		</Pair>
	</StyleMap>
	<StyleMap id="msn_B1">
		<Pair>
			<key>normal</key>
			<styleUrl>#sn_B10</styleUrl>
		</Pair>
		<Pair>
			<key>highlight</key>
			<styleUrl>#sh_B</styleUrl>
		</Pair>
	</StyleMap>
	<StyleMap id="msn_C">
		<Pair>
			<key>normal</key>
			<styleUrl>#sn_C1</styleUrl>
		</Pair>
		<Pair>
			<key>highlight</key>
			<styleUrl>#sh_C2</styleUrl>
		</Pair>
	</StyleMap>
	<StyleMap id="msn_C0">
		<Pair>
			<key>normal</key>
			<styleUrl>#sn_C0</styleUrl>
		</Pair>
		<Pair>
			<key>highlight</key>
			<styleUrl>#sh_C1</styleUrl>
		</Pair>
	</StyleMap>
	<StyleMap id="msn_C1">
		<Pair>
			<key>normal</key>
			<styleUrl>#sn_C00</styleUrl>
		</Pair>
		<Pair>
			<key>highlight</key>
			<styleUrl>#sh_C0</styleUrl>
		</Pair>
	</StyleMap>
	<StyleMap id="msn_C2">
		<Pair>
			<key>normal</key>
			<styleUrl>#sn_C</styleUrl>
		</Pair>
		<Pair>
			<key>highlight</key>
			<styleUrl>#sh_C</styleUrl>
		</Pair>
	</StyleMap>
	<StyleMap id="msn_D">
		<Pair>
			<key>normal</key>
			<styleUrl>#sn_D0</styleUrl>
		</Pair>
		<Pair>
			<key>highlight</key>
			<styleUrl>#sh_D0</styleUrl>
		</Pair>
	</StyleMap>
	<StyleMap id="msn_D0">
		<Pair>
			<key>normal</key>
			<styleUrl>#sn_D00</styleUrl>
		</Pair>
		<Pair>
			<key>highlight</key>
			<styleUrl>#sh_D1</styleUrl>
		</Pair>
	</StyleMap>
	<StyleMap id="msn_D1">
		<Pair>
			<key>normal</key>
			<styleUrl>#sn_D</styleUrl>
		</Pair>
		<Pair>
			<key>highlight</key>
			<styleUrl>#sh_D</styleUrl>
		</Pair>
	</StyleMap>
	<StyleMap id="msn_E">
		<Pair>
			<key>normal</key>
			<styleUrl>#sn_E</styleUrl>
		</Pair>
		<Pair>
			<key>highlight</key>
			<styleUrl>#sh_E</styleUrl>
		</Pair>
	</StyleMap>
	<StyleMap id="msn_F">
		<Pair>
			<key>normal</key>
			<styleUrl>#sn_F</styleUrl>
		</Pair>
		<Pair>
			<key>highlight</key>
			<styleUrl>#sh_F</styleUrl>
		</Pair>
	</StyleMap>
	<StyleMap id="msn_F0">
		<Pair>
			<key>normal</key>
			<styleUrl>#sn_F1</styleUrl>
		</Pair>
		<Pair>
			<key>highlight</key>
			<styleUrl>#sh_F1</styleUrl>
		</Pair>
	</StyleMap>
	<StyleMap id="msn_F00">
		<Pair>
			<key>normal</key>
			<styleUrl>#sn_F00</styleUrl>
		</Pair>
		<Pair>
			<key>highlight</key>
			<styleUrl>#sh_F0</styleUrl>
		</Pair>
	</StyleMap>
	<StyleMap id="msn_F1">
		<Pair>
			<key>normal</key>
			<styleUrl>#sn_F0</styleUrl>
		</Pair>
		<Pair>
			<key>highlight</key>
			<styleUrl>#sh_F2</styleUrl>
		</Pair>
	</StyleMap>
	<StyleMap id="msn_G">
		<Pair>
			<key>normal</key>
			<styleUrl>#sn_G</styleUrl>
		</Pair>
		<Pair>
			<key>highlight</key>
			<styleUrl>#sh_G</styleUrl>
		</Pair>
	</StyleMap>
	<StyleMap id="msn_G0">
		<Pair>
			<key>normal</key>
			<styleUrl>#sn_G0</styleUrl>
		</Pair>
		<Pair>
			<key>highlight</key>
			<styleUrl>#sh_G1</styleUrl>
		</Pair>
	</StyleMap>
	<StyleMap id="msn_G1">
		<Pair>
			<key>normal</key>
			<styleUrl>#sn_G1</styleUrl>
		</Pair>
		<Pair>
			<key>highlight</key>
			<styleUrl>#sh_G0</styleUrl>
		</Pair>
	</StyleMap>
	<StyleMap id="msn_H">
		<Pair>
			<key>normal</key>
			<styleUrl>#sn_H</styleUrl>
		</Pair>
		<Pair>
			<key>highlight</key>
			<styleUrl>#sh_H</styleUrl>
		</Pair>
	</StyleMap>
	<StyleMap id="msn_H0">
		<Pair>
			<key>normal</key>
			<styleUrl>#sn_H0</styleUrl>
		</Pair>
		<Pair>
			<key>highlight</key>
			<styleUrl>#sh_H0</styleUrl>
		</Pair>
	</StyleMap>
	<StyleMap id="msn_I">
		<Pair>
			<key>normal</key>
			<styleUrl>#sn_I</styleUrl>
		</Pair>
		<Pair>
			<key>highlight</key>
			<styleUrl>#sh_I</styleUrl>
		</Pair>
	</StyleMap>
	<StyleMap id="msn_J">
		<Pair>
			<key>normal</key>
			<styleUrl>#sn_J0</styleUrl>
		</Pair>
		<Pair>
			<key>highlight</key>
			<styleUrl>#sh_J1</styleUrl>
		</Pair>
	</StyleMap>
	<StyleMap id="msn_J0">
		<Pair>
			<key>normal</key>
			<styleUrl>#sn_J</styleUrl>
		</Pair>
		<Pair>
			<key>highlight</key>
			<styleUrl>#sh_J</styleUrl>
		</Pair>
	</StyleMap>
	<StyleMap id="msn_J1">
		<Pair>
			<key>normal</key>
			<styleUrl>#sn_J1</styleUrl>
		</Pair>
		<Pair>
			<key>highlight</key>
			<styleUrl>#sh_J0</styleUrl>
		</Pair>
	</StyleMap>
	<StyleMap id="msn_K">
		<Pair>
			<key>normal</key>
			<styleUrl>#sn_K</styleUrl>
		</Pair>
		<Pair>
			<key>highlight</key>
			<styleUrl>#sh_K</styleUrl>
		</Pair>
	</StyleMap>
	<StyleMap id="msn_L">
		<Pair>
			<key>normal</key>
			<styleUrl>#sn_L1</styleUrl>
		</Pair>
		<Pair>
			<key>highlight</key>
			<styleUrl>#sh_L1</styleUrl>
		</Pair>
	</StyleMap>
	<StyleMap id="msn_L0">
		<Pair>
			<key>normal</key>
			<styleUrl>#sn_L</styleUrl>
		</Pair>
		<Pair>
			<key>highlight</key>
			<styleUrl>#sh_L0</styleUrl>
		</Pair>
	</StyleMap>
	<StyleMap id="msn_L1">
		<Pair>
			<key>normal</key>
			<styleUrl>#sn_L0</styleUrl>
		</Pair>
		<Pair>
			<key>highlight</key>
			<styleUrl>#sh_L</styleUrl>
		</Pair>
	</StyleMap>
	<StyleMap id="msn_M">
		<Pair>
			<key>normal</key>
			<styleUrl>#sn_M2</styleUrl>
		</Pair>
		<Pair>
			<key>highlight</key>
			<styleUrl>#sh_M1</styleUrl>
		</Pair>
	</StyleMap>
	<StyleMap id="msn_M0">
		<Pair>
			<key>normal</key>
			<styleUrl>#sn_M00</styleUrl>
		</Pair>
		<Pair>
			<key>highlight</key>
			<styleUrl>#sh_M20</styleUrl>
		</Pair>
	</StyleMap>
	<StyleMap id="msn_M00">
		<Pair>
			<key>normal</key>
			<styleUrl>#sn_M1</styleUrl>
		</Pair>
		<Pair>
			<key>highlight</key>
			<styleUrl>#sh_M0</styleUrl>
		</Pair>
	</StyleMap>
	<StyleMap id="msn_M000">
		<Pair>
			<key>normal</key>
			<styleUrl>#sn_M10</styleUrl>
		</Pair>
		<Pair>
			<key>highlight</key>
			<styleUrl>#sh_M10</styleUrl>
		</Pair>
	</StyleMap>
	<StyleMap id="msn_M1">
		<Pair>
			<key>normal</key>
			<styleUrl>#sn_M0</styleUrl>
		</Pair>
		<Pair>
			<key>highlight</key>
			<styleUrl>#sh_M</styleUrl>
		</Pair>
	</StyleMap>
	<StyleMap id="msn_M2">
		<Pair>
			<key>normal</key>
			<styleUrl>#sn_M</styleUrl>
		</Pair>
		<Pair>
			<key>highlight</key>
			<styleUrl>#sh_M2</styleUrl>
		</Pair>
	</StyleMap>
	<StyleMap id="msn_N">
		<Pair>
			<key>normal</key>
			<styleUrl>#sn_N0</styleUrl>
		</Pair>
		<Pair>
			<key>highlight</key>
			<styleUrl>#sh_N0</styleUrl>
		</Pair>
	</StyleMap>
	<StyleMap id="msn_N0">
		<Pair>
			<key>normal</key>
			<styleUrl>#sn_N</styleUrl>
		</Pair>
		<Pair>
			<key>highlight</key>
			<styleUrl>#sh_N</styleUrl>
		</Pair>
	</StyleMap>
	<StyleMap id="msn_O">
		<Pair>
			<key>normal</key>
			<styleUrl>#sn_O00</styleUrl>
		</Pair>
		<Pair>
			<key>highlight</key>
			<styleUrl>#sh_O0</styleUrl>
		</Pair>
	</StyleMap>
	<StyleMap id="msn_O0">
		<Pair>
			<key>normal</key>
			<styleUrl>#sn_O</styleUrl>
		</Pair>
		<Pair>
			<key>highlight</key>
			<styleUrl>#sh_O1</styleUrl>
		</Pair>
	</StyleMap>
	<StyleMap id="msn_O1">
		<Pair>
			<key>normal</key>
			<styleUrl>#sn_O0</styleUrl>
		</Pair>
		<Pair>
			<key>highlight</key>
			<styleUrl>#sh_O</styleUrl>
		</Pair>
	</StyleMap>
	<StyleMap id="msn_P">
		<Pair>
			<key>normal</key>
			<styleUrl>#sn_P</styleUrl>
		</Pair>
		<Pair>
			<key>highlight</key>
			<styleUrl>#sh_P</styleUrl>
		</Pair>
	</StyleMap>
	<StyleMap id="msn_P0">
		<Pair>
			<key>normal</key>
			<styleUrl>#sn_P30</styleUrl>
		</Pair>
		<Pair>
			<key>highlight</key>
			<styleUrl>#sh_P00</styleUrl>
		</Pair>
	</StyleMap>
	<StyleMap id="msn_P00">
		<Pair>
			<key>normal</key>
			<styleUrl>#sn_P0</styleUrl>
		</Pair>
		<Pair>
			<key>highlight</key>
			<styleUrl>#sh_P2</styleUrl>
		</Pair>
	</StyleMap>
	<StyleMap id="msn_P1">
		<Pair>
			<key>normal</key>
			<styleUrl>#sn_P4</styleUrl>
		</Pair>
		<Pair>
			<key>highlight</key>
			<styleUrl>#sh_P3</styleUrl>
		</Pair>
	</StyleMap>
	<StyleMap id="msn_P10">
		<Pair>
			<key>normal</key>
			<styleUrl>#sn_P1</styleUrl>
		</Pair>
		<Pair>
			<key>highlight</key>
			<styleUrl>#sh_P1</styleUrl>
		</Pair>
	</StyleMap>
	<StyleMap id="msn_P2">
		<Pair>
			<key>normal</key>
			<styleUrl>#sn_P2</styleUrl>
		</Pair>
		<Pair>
			<key>highlight</key>
			<styleUrl>#sh_P20</styleUrl>
		</Pair>
	</StyleMap>
	<StyleMap id="msn_P3">
		<Pair>
			<key>normal</key>
			<styleUrl>#sn_P3</styleUrl>
		</Pair>
		<Pair>
			<key>highlight</key>
			<styleUrl>#sh_P0</styleUrl>
		</Pair>
	</StyleMap>
	<StyleMap id="msn_Q">
		<Pair>
			<key>normal</key>
			<styleUrl>#sn_Q</styleUrl>
		</Pair>
		<Pair>
			<key>highlight</key>
			<styleUrl>#sh_Q</styleUrl>
		</Pair>
	</StyleMap>
	<StyleMap id="msn_R">
		<Pair>
			<key>normal</key>
			<styleUrl>#sn_R</styleUrl>
		</Pair>
		<Pair>
			<key>highlight</key>
			<styleUrl>#sh_R</styleUrl>
		</Pair>
	</StyleMap>
	<StyleMap id="msn_R0">
		<Pair>
			<key>normal</key>
			<styleUrl>#sn_R0</styleUrl>
		</Pair>
		<Pair>
			<key>highlight</key>
			<styleUrl>#sh_R0</styleUrl>
		</Pair>
	</StyleMap>
	<StyleMap id="msn_S">
		<Pair>
			<key>normal</key>
			<styleUrl>#sn_S2</styleUrl>
		</Pair>
		<Pair>
			<key>highlight</key>
			<styleUrl>#sh_S0</styleUrl>
		</Pair>
	</StyleMap>
	<StyleMap id="msn_S0">
		<Pair>
			<key>normal</key>
			<styleUrl>#sn_S</styleUrl>
		</Pair>
		<Pair>
			<key>highlight</key>
			<styleUrl>#sh_S</styleUrl>
		</Pair>
	</StyleMap>
	<StyleMap id="msn_S00">
		<Pair>
			<key>normal</key>
			<styleUrl>#sn_S0</styleUrl>
		</Pair>
		<Pair>
			<key>highlight</key>
			<styleUrl>#sh_S00</styleUrl>
		</Pair>
	</StyleMap>
	<StyleMap id="msn_S1">
		<Pair>
			<key>normal</key>
			<styleUrl>#sn_S1</styleUrl>
		</Pair>
		<Pair>
			<key>highlight</key>
			<styleUrl>#sh_S1</styleUrl>
		</Pair>
	</StyleMap>
	<StyleMap id="msn_T">
		<Pair>
			<key>normal</key>
			<styleUrl>#sn_T</styleUrl>
		</Pair>
		<Pair>
			<key>highlight</key>
			<styleUrl>#sh_T0</styleUrl>
		</Pair>
	</StyleMap>
	<StyleMap id="msn_T0">
		<Pair>
			<key>normal</key>
			<styleUrl>#sn_T11</styleUrl>
		</Pair>
		<Pair>
			<key>highlight</key>
			<styleUrl>#sh_T4</styleUrl>
		</Pair>
	</StyleMap>
	<StyleMap id="msn_T00">
		<Pair>
			<key>normal</key>
			<styleUrl>#sn_T2</styleUrl>
		</Pair>
		<Pair>
			<key>highlight</key>
			<styleUrl>#sh_T3</styleUrl>
		</Pair>
	</StyleMap>
	<StyleMap id="msn_T1">
		<Pair>
			<key>normal</key>
			<styleUrl>#sn_T4</styleUrl>
		</Pair>
		<Pair>
			<key>highlight</key>
			<styleUrl>#sh_T00</styleUrl>
		</Pair>
	</StyleMap>
	<StyleMap id="msn_T2">
		<Pair>
			<key>normal</key>
			<styleUrl>#sn_T0</styleUrl>
		</Pair>
		<Pair>
			<key>highlight</key>
			<styleUrl>#sh_T1</styleUrl>
		</Pair>
	</StyleMap>
	<StyleMap id="msn_T3">
		<Pair>
			<key>normal</key>
			<styleUrl>#sn_T3</styleUrl>
		</Pair>
		<Pair>
			<key>highlight</key>
			<styleUrl>#sh_T5</styleUrl>
		</Pair>
	</StyleMap>
	<StyleMap id="msn_T30">
		<Pair>
			<key>normal</key>
			<styleUrl>#sn_T10</styleUrl>
		</Pair>
		<Pair>
			<key>highlight</key>
			<styleUrl>#sh_T2</styleUrl>
		</Pair>
	</StyleMap>
	<StyleMap id="msn_T4">
		<Pair>
			<key>normal</key>
			<styleUrl>#sn_T1</styleUrl>
		</Pair>
		<Pair>
			<key>highlight</key>
			<styleUrl>#sh_T</styleUrl>
		</Pair>
	</StyleMap>
	<StyleMap id="msn_U">
		<Pair>
			<key>normal</key>
			<styleUrl>#sn_U</styleUrl>
		</Pair>
		<Pair>
			<key>highlight</key>
			<styleUrl>#sh_U0</styleUrl>
		</Pair>
	</StyleMap>
	<StyleMap id="msn_U0">
		<Pair>
			<key>normal</key>
			<styleUrl>#sn_U0</styleUrl>
		</Pair>
		<Pair>
			<key>highlight</key>
			<styleUrl>#sh_U</styleUrl>
		</Pair>
	</StyleMap>
	<StyleMap id="msn_V">
		<Pair>
			<key>normal</key>
			<styleUrl>#sn_V</styleUrl>
		</Pair>
		<Pair>
			<key>highlight</key>
			<styleUrl>#sh_V</styleUrl>
		</Pair>
	</StyleMap>
	<StyleMap id="msn_W">
		<Pair>
			<key>normal</key>
			<styleUrl>#sn_W</styleUrl>
		</Pair>
		<Pair>
			<key>highlight</key>
			<styleUrl>#sh_W</styleUrl>
		</Pair>
	</StyleMap>
	<StyleMap id="msn_X">
		<Pair>
			<key>normal</key>
			<styleUrl>#sn_X</styleUrl>
		</Pair>
		<Pair>
			<key>highlight</key>
			<styleUrl>#sh_X</styleUrl>
		</Pair>
	</StyleMap>
	<StyleMap id="msn_Y">
		<Pair>
			<key>normal</key>
			<styleUrl>#sn_Y</styleUrl>
		</Pair>
		<Pair>
			<key>highlight</key>
			<styleUrl>#sh_Y</styleUrl>
		</Pair>
	</StyleMap>
	<Style id="sh_A">
		<IconStyle>
			<scale>1.3</scale>
			<Icon>
				<href>http://maps.google.com/mapfiles/kml/paddle/A.png</href>
			</Icon>
			<hotSpot x="32" y="1" xunits="pixels" yunits="pixels"/>
		</IconStyle>
		<LabelStyle>
			<color>ff00ffff</color>
			<scale>0.7</scale>
		</LabelStyle>
		<ListStyle>
			<ItemIcon>
				<href>http://maps.google.com/mapfiles/kml/paddle/A-lv.png</href>
			</ItemIcon>
		</ListStyle>
	</Style>
	<Style id="sh_A0">
		<IconStyle>
			<scale>1.3</scale>
			<Icon>
				<href>http://maps.google.com/mapfiles/kml/paddle/A.png</href>
			</Icon>
			<hotSpot x="32" y="1" xunits="pixels" yunits="pixels"/>
		</IconStyle>
		<LabelStyle>
			<color>ff00ffff</color>
			<scale>0.7</scale>
		</LabelStyle>
		<ListStyle>
			<ItemIcon>
				<href>http://maps.google.com/mapfiles/kml/paddle/A-lv.png</href>
			</ItemIcon>
		</ListStyle>
	</Style>
	<Style id="sh_A1">
		<IconStyle>
			<color>ff7f00ff</color>
			<scale>1.3</scale>
			<Icon>
				<href>http://maps.google.com/mapfiles/kml/paddle/A.png</href>
			</Icon>
			<hotSpot x="32" y="1" xunits="pixels" yunits="pixels"/>
		</IconStyle>
		<LabelStyle>
			<color>ff00ffff</color>
			<scale>0.7</scale>
		</LabelStyle>
		<ListStyle>
			<ItemIcon>
				<href>http://maps.google.com/mapfiles/kml/paddle/A-lv.png</href>
			</ItemIcon>
		</ListStyle>
	</Style>
	<Style id="sh_A2">
		<IconStyle>
			<scale>1.3</scale>
			<Icon>
				<href>http://maps.google.com/mapfiles/kml/paddle/A.png</href>
			</Icon>
			<hotSpot x="32" y="1" xunits="pixels" yunits="pixels"/>
		</IconStyle>
		<LabelStyle>
			<color>ff00ffff</color>
			<scale>0.7</scale>
		</LabelStyle>
		<ListStyle>
			<ItemIcon>
				<href>http://maps.google.com/mapfiles/kml/paddle/A-lv.png</href>
			</ItemIcon>
		</ListStyle>
	</Style>
	<Style id="sh_A20">
		<IconStyle>
			<scale>1.3</scale>
			<Icon>
				<href>http://maps.google.com/mapfiles/kml/paddle/A.png</href>
			</Icon>
			<hotSpot x="32" y="1" xunits="pixels" yunits="pixels"/>
		</IconStyle>
		<LabelStyle>
			<color>ff00ffff</color>
			<scale>0.7</scale>
		</LabelStyle>
		<ListStyle>
			<ItemIcon>
				<href>http://maps.google.com/mapfiles/kml/paddle/A-lv.png</href>
			</ItemIcon>
		</ListStyle>
	</Style>
	<Style id="sh_B">
		<IconStyle>
			<scale>1.3</scale>
			<Icon>
				<href>http://maps.google.com/mapfiles/kml/paddle/B.png</href>
			</Icon>
			<hotSpot x="32" y="1" xunits="pixels" yunits="pixels"/>
		</IconStyle>
		<LabelStyle>
			<color>ff00ffff</color>
			<scale>0.7</scale>
		</LabelStyle>
		<ListStyle>
			<ItemIcon>
				<href>http://maps.google.com/mapfiles/kml/paddle/B-lv.png</href>
			</ItemIcon>
		</ListStyle>
	</Style>
	<Style id="sh_B0">
		<IconStyle>
			<color>ff00ffff</color>
			<scale>1.18182</scale>
			<Icon>
				<href>http://maps.google.com/mapfiles/kml/paddle/B.png</href>
			</Icon>
			<hotSpot x="32" y="1" xunits="pixels" yunits="pixels"/>
		</IconStyle>
		<LabelStyle>
			<color>ff00ffff</color>
			<scale>0.7</scale>
		</LabelStyle>
		<ListStyle>
			<ItemIcon>
				<href>http://maps.google.com/mapfiles/kml/paddle/B-lv.png</href>
			</ItemIcon>
		</ListStyle>
	</Style>
	<Style id="sh_B1">
		<IconStyle>
			<color>ff00ffff</color>
			<scale>1.18182</scale>
			<Icon>
				<href>http://maps.google.com/mapfiles/kml/paddle/B.png</href>
			</Icon>
			<hotSpot x="32" y="1" xunits="pixels" yunits="pixels"/>
		</IconStyle>
		<LabelStyle>
			<color>ff00ffff</color>
			<scale>0.7</scale>
		</LabelStyle>
		<ListStyle>
			<ItemIcon>
				<href>http://maps.google.com/mapfiles/kml/paddle/B-lv.png</href>
			</ItemIcon>
		</ListStyle>
	</Style>
	<Style id="sh_B2">
		<IconStyle>
			<scale>1.3</scale>
			<Icon>
				<href>http://maps.google.com/mapfiles/kml/paddle/B.png</href>
			</Icon>
			<hotSpot x="32" y="1" xunits="pixels" yunits="pixels"/>
		</IconStyle>
		<LabelStyle>
			<color>ff00ffff</color>
			<scale>0.7</scale>
		</LabelStyle>
		<ListStyle>
			<ItemIcon>
				<href>http://maps.google.com/mapfiles/kml/paddle/B-lv.png</href>
			</ItemIcon>
		</ListStyle>
	</Style>
	<Style id="sh_C">
		<IconStyle>
			<scale>1.3</scale>
			<Icon>
				<href>http://maps.google.com/mapfiles/kml/paddle/C.png</href>
			</Icon>
			<hotSpot x="32" y="1" xunits="pixels" yunits="pixels"/>
		</IconStyle>
		<LabelStyle>
			<color>ff00ffff</color>
			<scale>0.7</scale>
		</LabelStyle>
		<ListStyle>
			<ItemIcon>
				<href>http://maps.google.com/mapfiles/kml/paddle/C-lv.png</href>
			</ItemIcon>
		</ListStyle>
	</Style>
	<Style id="sh_C0">
		<IconStyle>
			<color>ff00ffff</color>
			<scale>1.18182</scale>
			<Icon>
				<href>http://maps.google.com/mapfiles/kml/paddle/C.png</href>
			</Icon>
			<hotSpot x="32" y="1" xunits="pixels" yunits="pixels"/>
		</IconStyle>
		<LabelStyle>
			<color>ff00ffff</color>
			<scale>0.7</scale>
		</LabelStyle>
		<ListStyle>
			<ItemIcon>
				<href>http://maps.google.com/mapfiles/kml/paddle/C-lv.png</href>
			</ItemIcon>
		</ListStyle>
	</Style>
	<Style id="sh_C1">
		<IconStyle>
			<scale>1.3</scale>
			<Icon>
				<href>http://maps.google.com/mapfiles/kml/paddle/C.png</href>
			</Icon>
			<hotSpot x="32" y="1" xunits="pixels" yunits="pixels"/>
		</IconStyle>
		<LabelStyle>
			<color>ff00ffff</color>
			<scale>0.7</scale>
		</LabelStyle>
		<ListStyle>
			<ItemIcon>
				<href>http://maps.google.com/mapfiles/kml/paddle/C-lv.png</href>
			</ItemIcon>
		</ListStyle>
	</Style>
	<Style id="sh_C2">
		<IconStyle>
			<scale>1.3</scale>
			<Icon>
				<href>http://maps.google.com/mapfiles/kml/paddle/C.png</href>
			</Icon>
			<hotSpot x="32" y="1" xunits="pixels" yunits="pixels"/>
		</IconStyle>
		<LabelStyle>
			<color>ff00ffff</color>
			<scale>0.7</scale>
		</LabelStyle>
		<ListStyle>
			<ItemIcon>
				<href>http://maps.google.com/mapfiles/kml/paddle/C-lv.png</href>
			</ItemIcon>
		</ListStyle>
	</Style>
	<Style id="sh_D">
		<IconStyle>
			<scale>1.3</scale>
			<Icon>
				<href>http://maps.google.com/mapfiles/kml/paddle/D.png</href>
			</Icon>
			<hotSpot x="32" y="1" xunits="pixels" yunits="pixels"/>
		</IconStyle>
		<LabelStyle>
			<color>ff00ffff</color>
			<scale>0.7</scale>
		</LabelStyle>
		<ListStyle>
			<ItemIcon>
				<href>http://maps.google.com/mapfiles/kml/paddle/D-lv.png</href>
			</ItemIcon>
		</ListStyle>
	</Style>
	<Style id="sh_D0">
		<IconStyle>
			<color>ff00ffff</color>
			<scale>1.18182</scale>
			<Icon>
				<href>http://maps.google.com/mapfiles/kml/paddle/D.png</href>
			</Icon>
			<hotSpot x="32" y="1" xunits="pixels" yunits="pixels"/>
		</IconStyle>
		<LabelStyle>
			<color>ff00ffff</color>
			<scale>0.7</scale>
		</LabelStyle>
		<ListStyle>
			<ItemIcon>
				<href>http://maps.google.com/mapfiles/kml/paddle/D-lv.png</href>
			</ItemIcon>
		</ListStyle>
	</Style>
	<Style id="sh_D1">
		<IconStyle>
			<color>ff00ffff</color>
			<scale>1.18182</scale>
			<Icon>
				<href>http://maps.google.com/mapfiles/kml/paddle/D.png</href>
			</Icon>
			<hotSpot x="32" y="1" xunits="pixels" yunits="pixels"/>
		</IconStyle>
		<LabelStyle>
			<color>ff00ffff</color>
			<scale>0.7</scale>
		</LabelStyle>
		<ListStyle>
			<ItemIcon>
				<href>http://maps.google.com/mapfiles/kml/paddle/D-lv.png</href>
			</ItemIcon>
		</ListStyle>
	</Style>
	<Style id="sh_E">
		<IconStyle>
			<scale>1.3</scale>
			<Icon>
				<href>http://maps.google.com/mapfiles/kml/paddle/E.png</href>
			</Icon>
			<hotSpot x="32" y="1" xunits="pixels" yunits="pixels"/>
		</IconStyle>
		<LabelStyle>
			<color>ff00ffff</color>
			<scale>0.7</scale>
		</LabelStyle>
		<ListStyle>
			<ItemIcon>
				<href>http://maps.google.com/mapfiles/kml/paddle/E-lv.png</href>
			</ItemIcon>
		</ListStyle>
	</Style>
	<Style id="sh_F">
		<IconStyle>
			<scale>1.3</scale>
			<Icon>
				<href>http://maps.google.com/mapfiles/kml/paddle/F.png</href>
			</Icon>
			<hotSpot x="32" y="1" xunits="pixels" yunits="pixels"/>
		</IconStyle>
		<LabelStyle>
			<color>ff00ffff</color>
			<scale>0.7</scale>
		</LabelStyle>
		<ListStyle>
			<ItemIcon>
				<href>http://maps.google.com/mapfiles/kml/paddle/F-lv.png</href>
			</ItemIcon>
		</ListStyle>
	</Style>
	<Style id="sh_F0">
		<IconStyle>
			<color>ff00ffff</color>
			<scale>1.18182</scale>
			<Icon>
				<href>http://maps.google.com/mapfiles/kml/paddle/F.png</href>
			</Icon>
			<hotSpot x="32" y="1" xunits="pixels" yunits="pixels"/>
		</IconStyle>
		<LabelStyle>
			<color>ff00ffff</color>
			<scale>0.7</scale>
		</LabelStyle>
		<ListStyle>
			<ItemIcon>
				<href>http://maps.google.com/mapfiles/kml/paddle/F-lv.png</href>
			</ItemIcon>
		</ListStyle>
	</Style>
	<Style id="sh_F1">
		<IconStyle>
			<scale>1.3</scale>
			<Icon>
				<href>http://maps.google.com/mapfiles/kml/paddle/F.png</href>
			</Icon>
			<hotSpot x="32" y="1" xunits="pixels" yunits="pixels"/>
		</IconStyle>
		<LabelStyle>
			<color>ff00ffff</color>
			<scale>0.7</scale>
		</LabelStyle>
		<ListStyle>
			<ItemIcon>
				<href>http://maps.google.com/mapfiles/kml/paddle/F-lv.png</href>
			</ItemIcon>
		</ListStyle>
	</Style>
	<Style id="sh_F2">
		<IconStyle>
			<scale>1.3</scale>
			<Icon>
				<href>http://maps.google.com/mapfiles/kml/paddle/F.png</href>
			</Icon>
			<hotSpot x="32" y="1" xunits="pixels" yunits="pixels"/>
		</IconStyle>
		<LabelStyle>
			<color>ff00ffff</color>
			<scale>0.7</scale>
		</LabelStyle>
		<ListStyle>
			<ItemIcon>
				<href>http://maps.google.com/mapfiles/kml/paddle/F-lv.png</href>
			</ItemIcon>
		</ListStyle>
	</Style>
	<Style id="sh_G">
		<IconStyle>
			<scale>1.3</scale>
			<Icon>
				<href>http://maps.google.com/mapfiles/kml/paddle/G.png</href>
			</Icon>
			<hotSpot x="32" y="1" xunits="pixels" yunits="pixels"/>
		</IconStyle>
		<LabelStyle>
			<color>ff00ffff</color>
			<scale>0.7</scale>
		</LabelStyle>
		<ListStyle>
			<ItemIcon>
				<href>http://maps.google.com/mapfiles/kml/paddle/G-lv.png</href>
			</ItemIcon>
		</ListStyle>
	</Style>
	<Style id="sh_G0">
		<IconStyle>
			<color>ff00ffff</color>
			<scale>1.18182</scale>
			<Icon>
				<href>http://maps.google.com/mapfiles/kml/paddle/G.png</href>
			</Icon>
			<hotSpot x="32" y="1" xunits="pixels" yunits="pixels"/>
		</IconStyle>
		<LabelStyle>
			<color>ff00ffff</color>
			<scale>0.7</scale>
		</LabelStyle>
		<ListStyle>
			<ItemIcon>
				<href>http://maps.google.com/mapfiles/kml/paddle/G-lv.png</href>
			</ItemIcon>
		</ListStyle>
	</Style>
	<Style id="sh_G1">
		<IconStyle>
			<scale>1.3</scale>
			<Icon>
				<href>http://maps.google.com/mapfiles/kml/paddle/G.png</href>
			</Icon>
			<hotSpot x="32" y="1" xunits="pixels" yunits="pixels"/>
		</IconStyle>
		<LabelStyle>
			<color>ff00ffff</color>
			<scale>0.7</scale>
		</LabelStyle>
		<ListStyle>
			<ItemIcon>
				<href>http://maps.google.com/mapfiles/kml/paddle/G-lv.png</href>
			</ItemIcon>
		</ListStyle>
	</Style>
	<Style id="sh_H">
		<IconStyle>
			<scale>1.3</scale>
			<Icon>
				<href>http://maps.google.com/mapfiles/kml/paddle/H.png</href>
			</Icon>
			<hotSpot x="32" y="1" xunits="pixels" yunits="pixels"/>
		</IconStyle>
		<LabelStyle>
			<color>ff00ffff</color>
			<scale>0.7</scale>
		</LabelStyle>
		<ListStyle>
			<ItemIcon>
				<href>http://maps.google.com/mapfiles/kml/paddle/H-lv.png</href>
			</ItemIcon>
		</ListStyle>
	</Style>
	<Style id="sh_H0">
		<IconStyle>
			<scale>1.3</scale>
			<Icon>
				<href>http://maps.google.com/mapfiles/kml/paddle/H.png</href>
			</Icon>
			<hotSpot x="32" y="1" xunits="pixels" yunits="pixels"/>
		</IconStyle>
		<LabelStyle>
			<color>ff00ffff</color>
			<scale>0.7</scale>
		</LabelStyle>
		<ListStyle>
			<ItemIcon>
				<href>http://maps.google.com/mapfiles/kml/paddle/H-lv.png</href>
			</ItemIcon>
		</ListStyle>
	</Style>
	<Style id="sh_I">
		<IconStyle>
			<scale>1.3</scale>
			<Icon>
				<href>http://maps.google.com/mapfiles/kml/paddle/I.png</href>
			</Icon>
			<hotSpot x="32" y="1" xunits="pixels" yunits="pixels"/>
		</IconStyle>
		<LabelStyle>
			<color>ff00ffff</color>
			<scale>0.7</scale>
		</LabelStyle>
		<ListStyle>
			<ItemIcon>
				<href>http://maps.google.com/mapfiles/kml/paddle/I-lv.png</href>
			</ItemIcon>
		</ListStyle>
	</Style>
	<Style id="sh_J">
		<IconStyle>
			<scale>1.3</scale>
			<Icon>
				<href>http://maps.google.com/mapfiles/kml/paddle/J.png</href>
			</Icon>
			<hotSpot x="32" y="1" xunits="pixels" yunits="pixels"/>
		</IconStyle>
		<LabelStyle>
			<color>ff00ffff</color>
			<scale>0.7</scale>
		</LabelStyle>
		<ListStyle>
			<ItemIcon>
				<href>http://maps.google.com/mapfiles/kml/paddle/J-lv.png</href>
			</ItemIcon>
		</ListStyle>
	</Style>
	<Style id="sh_J0">
		<IconStyle>
			<scale>1.3</scale>
			<Icon>
				<href>http://maps.google.com/mapfiles/kml/paddle/J.png</href>
			</Icon>
			<hotSpot x="32" y="1" xunits="pixels" yunits="pixels"/>
		</IconStyle>
		<LabelStyle>
			<color>ff00ffff</color>
			<scale>0.7</scale>
		</LabelStyle>
		<ListStyle>
			<ItemIcon>
				<href>http://maps.google.com/mapfiles/kml/paddle/J-lv.png</href>
			</ItemIcon>
		</ListStyle>
	</Style>
	<Style id="sh_J1">
		<IconStyle>
			<scale>1.3</scale>
			<Icon>
				<href>http://maps.google.com/mapfiles/kml/paddle/J.png</href>
			</Icon>
			<hotSpot x="32" y="1" xunits="pixels" yunits="pixels"/>
		</IconStyle>
		<LabelStyle>
			<color>ff00ffff</color>
			<scale>0.7</scale>
		</LabelStyle>
		<ListStyle>
			<ItemIcon>
				<href>http://maps.google.com/mapfiles/kml/paddle/J-lv.png</href>
			</ItemIcon>
		</ListStyle>
	</Style>
	<Style id="sh_K">
		<IconStyle>
			<color>ff00ffff</color>
			<scale>1.18182</scale>
			<Icon>
				<href>http://maps.google.com/mapfiles/kml/paddle/K.png</href>
			</Icon>
			<hotSpot x="32" y="1" xunits="pixels" yunits="pixels"/>
		</IconStyle>
		<LabelStyle>
			<color>ff00ffff</color>
			<scale>0.7</scale>
		</LabelStyle>
		<ListStyle>
			<ItemIcon>
				<href>http://maps.google.com/mapfiles/kml/paddle/K-lv.png</href>
			</ItemIcon>
		</ListStyle>
	</Style>
	<Style id="sh_L">
		<IconStyle>
			<scale>1.3</scale>
			<Icon>
				<href>http://maps.google.com/mapfiles/kml/paddle/L.png</href>
			</Icon>
			<hotSpot x="32" y="1" xunits="pixels" yunits="pixels"/>
		</IconStyle>
		<LabelStyle>
			<color>ff00ffff</color>
			<scale>0.7</scale>
		</LabelStyle>
		<ListStyle>
			<ItemIcon>
				<href>http://maps.google.com/mapfiles/kml/paddle/L-lv.png</href>
			</ItemIcon>
		</ListStyle>
	</Style>
	<Style id="sh_L0">
		<IconStyle>
			<scale>1.3</scale>
			<Icon>
				<href>http://maps.google.com/mapfiles/kml/paddle/L.png</href>
			</Icon>
			<hotSpot x="32" y="1" xunits="pixels" yunits="pixels"/>
		</IconStyle>
		<LabelStyle>
			<color>ff00ffff</color>
			<scale>0.7</scale>
		</LabelStyle>
		<ListStyle>
			<ItemIcon>
				<href>http://maps.google.com/mapfiles/kml/paddle/L-lv.png</href>
			</ItemIcon>
		</ListStyle>
	</Style>
	<Style id="sh_L1">
		<IconStyle>
			<color>ff00ffff</color>
			<scale>1.18182</scale>
			<Icon>
				<href>http://maps.google.com/mapfiles/kml/paddle/L.png</href>
			</Icon>
			<hotSpot x="32" y="1" xunits="pixels" yunits="pixels"/>
		</IconStyle>
		<LabelStyle>
			<color>ff00ffff</color>
			<scale>0.7</scale>
		</LabelStyle>
		<ListStyle>
			<ItemIcon>
				<href>http://maps.google.com/mapfiles/kml/paddle/L-lv.png</href>
			</ItemIcon>
		</ListStyle>
	</Style>
	<Style id="sh_M">
		<IconStyle>
			<scale>1.3</scale>
			<Icon>
				<href>http://maps.google.com/mapfiles/kml/paddle/M.png</href>
			</Icon>
			<hotSpot x="32" y="1" xunits="pixels" yunits="pixels"/>
		</IconStyle>
		<LabelStyle>
			<color>ff00ffff</color>
			<scale>0.7</scale>
		</LabelStyle>
		<ListStyle>
			<ItemIcon>
				<href>http://maps.google.com/mapfiles/kml/paddle/M-lv.png</href>
			</ItemIcon>
		</ListStyle>
	</Style>
	<Style id="sh_M0">
		<IconStyle>
			<scale>1.3</scale>
			<Icon>
				<href>http://maps.google.com/mapfiles/kml/paddle/M.png</href>
			</Icon>
			<hotSpot x="32" y="1" xunits="pixels" yunits="pixels"/>
		</IconStyle>
		<LabelStyle>
			<color>ff00ffff</color>
			<scale>0.7</scale>
		</LabelStyle>
		<ListStyle>
			<ItemIcon>
				<href>http://maps.google.com/mapfiles/kml/paddle/M-lv.png</href>
			</ItemIcon>
		</ListStyle>
	</Style>
	<Style id="sh_M1">
		<IconStyle>
			<scale>1.3</scale>
			<Icon>
				<href>http://maps.google.com/mapfiles/kml/paddle/M.png</href>
			</Icon>
			<hotSpot x="32" y="1" xunits="pixels" yunits="pixels"/>
		</IconStyle>
		<LabelStyle>
			<color>ff00ffff</color>
			<scale>0.7</scale>
		</LabelStyle>
		<ListStyle>
			<ItemIcon>
				<href>http://maps.google.com/mapfiles/kml/paddle/M-lv.png</href>
			</ItemIcon>
		</ListStyle>
	</Style>
	<Style id="sh_M10">
		<IconStyle>
			<scale>1.3</scale>
			<Icon>
				<href>http://maps.google.com/mapfiles/kml/paddle/M.png</href>
			</Icon>
			<hotSpot x="32" y="1" xunits="pixels" yunits="pixels"/>
		</IconStyle>
		<LabelStyle>
			<color>ff00ffff</color>
			<scale>0.7</scale>
		</LabelStyle>
		<ListStyle>
			<ItemIcon>
				<href>http://maps.google.com/mapfiles/kml/paddle/M-lv.png</href>
			</ItemIcon>
		</ListStyle>
	</Style>
	<Style id="sh_M2">
		<IconStyle>
			<scale>1.3</scale>
			<Icon>
				<href>http://maps.google.com/mapfiles/kml/paddle/M.png</href>
			</Icon>
			<hotSpot x="32" y="1" xunits="pixels" yunits="pixels"/>
		</IconStyle>
		<LabelStyle>
			<color>ff00ffff</color>
			<scale>0.7</scale>
		</LabelStyle>
		<ListStyle>
			<ItemIcon>
				<href>http://maps.google.com/mapfiles/kml/paddle/M-lv.png</href>
			</ItemIcon>
		</ListStyle>
	</Style>
	<Style id="sh_M20">
		<IconStyle>
			<scale>0.827273</scale>
			<Icon>
				<href>http://maps.google.com/mapfiles/kml/paddle/M.png</href>
			</Icon>
			<hotSpot x="32" y="1" xunits="pixels" yunits="pixels"/>
		</IconStyle>
		<LabelStyle>
			<color>ff00ffff</color>
			<scale>0.7</scale>
		</LabelStyle>
		<ListStyle>
			<ItemIcon>
				<href>http://maps.google.com/mapfiles/kml/paddle/M-lv.png</href>
			</ItemIcon>
		</ListStyle>
	</Style>
	<Style id="sh_N">
		<IconStyle>
			<scale>1.3</scale>
			<Icon>
				<href>http://maps.google.com/mapfiles/kml/paddle/N.png</href>
			</Icon>
			<hotSpot x="32" y="1" xunits="pixels" yunits="pixels"/>
		</IconStyle>
		<LabelStyle>
			<color>ff00ffff</color>
			<scale>0.7</scale>
		</LabelStyle>
		<ListStyle>
			<ItemIcon>
				<href>http://maps.google.com/mapfiles/kml/paddle/N-lv.png</href>
			</ItemIcon>
		</ListStyle>
	</Style>
	<Style id="sh_N0">
		<IconStyle>
			<scale>1.3</scale>
			<Icon>
				<href>http://maps.google.com/mapfiles/kml/paddle/N.png</href>
			</Icon>
			<hotSpot x="32" y="1" xunits="pixels" yunits="pixels"/>
		</IconStyle>
		<LabelStyle>
			<color>ff00ffff</color>
			<scale>0.7</scale>
		</LabelStyle>
		<ListStyle>
			<ItemIcon>
				<href>http://maps.google.com/mapfiles/kml/paddle/N-lv.png</href>
			</ItemIcon>
		</ListStyle>
	</Style>
	<Style id="sh_O">
		<IconStyle>
			<scale>1.3</scale>
			<Icon>
				<href>http://maps.google.com/mapfiles/kml/paddle/O.png</href>
			</Icon>
			<hotSpot x="32" y="1" xunits="pixels" yunits="pixels"/>
		</IconStyle>
		<LabelStyle>
			<color>ff00ffff</color>
			<scale>0.7</scale>
		</LabelStyle>
		<ListStyle>
			<ItemIcon>
				<href>http://maps.google.com/mapfiles/kml/paddle/O-lv.png</href>
			</ItemIcon>
		</ListStyle>
	</Style>
	<Style id="sh_O0">
		<IconStyle>
			<scale>1.3</scale>
			<Icon>
				<href>http://maps.google.com/mapfiles/kml/paddle/O.png</href>
			</Icon>
			<hotSpot x="32" y="1" xunits="pixels" yunits="pixels"/>
		</IconStyle>
		<LabelStyle>
			<color>ff00ffff</color>
			<scale>0.7</scale>
		</LabelStyle>
		<ListStyle>
			<ItemIcon>
				<href>http://maps.google.com/mapfiles/kml/paddle/O-lv.png</href>
			</ItemIcon>
		</ListStyle>
	</Style>
	<Style id="sh_O1">
		<IconStyle>
			<scale>1.3</scale>
			<Icon>
				<href>http://maps.google.com/mapfiles/kml/paddle/O.png</href>
			</Icon>
			<hotSpot x="32" y="1" xunits="pixels" yunits="pixels"/>
		</IconStyle>
		<LabelStyle>
			<color>ff00ffff</color>
			<scale>0.7</scale>
		</LabelStyle>
		<ListStyle>
			<ItemIcon>
				<href>http://maps.google.com/mapfiles/kml/paddle/O-lv.png</href>
			</ItemIcon>
		</ListStyle>
	</Style>
	<Style id="sh_P">
		<IconStyle>
			<scale>1.3</scale>
			<Icon>
				<href>http://maps.google.com/mapfiles/kml/paddle/P.png</href>
			</Icon>
			<hotSpot x="32" y="1" xunits="pixels" yunits="pixels"/>
		</IconStyle>
		<LabelStyle>
			<color>ff00ffff</color>
			<scale>0.7</scale>
		</LabelStyle>
		<ListStyle>
			<ItemIcon>
				<href>http://maps.google.com/mapfiles/kml/paddle/P-lv.png</href>
			</ItemIcon>
		</ListStyle>
	</Style>
	<Style id="sh_P0">
		<IconStyle>
			<scale>1.3</scale>
			<Icon>
				<href>http://maps.google.com/mapfiles/kml/paddle/P.png</href>
			</Icon>
			<hotSpot x="32" y="1" xunits="pixels" yunits="pixels"/>
		</IconStyle>
		<LabelStyle>
			<color>ff00ffff</color>
			<scale>0.7</scale>
		</LabelStyle>
		<ListStyle>
			<ItemIcon>
				<href>http://maps.google.com/mapfiles/kml/paddle/P-lv.png</href>
			</ItemIcon>
		</ListStyle>
	</Style>
	<Style id="sh_P00">
		<IconStyle>
			<scale>1.3</scale>
			<Icon>
				<href>http://maps.google.com/mapfiles/kml/paddle/P.png</href>
			</Icon>
			<hotSpot x="32" y="1" xunits="pixels" yunits="pixels"/>
		</IconStyle>
		<LabelStyle>
			<color>ff00ffff</color>
			<scale>0.7</scale>
		</LabelStyle>
		<ListStyle>
			<ItemIcon>
				<href>http://maps.google.com/mapfiles/kml/paddle/P-lv.png</href>
			</ItemIcon>
		</ListStyle>
	</Style>
	<Style id="sh_P1">
		<IconStyle>
			<scale>1.3</scale>
			<Icon>
				<href>http://maps.google.com/mapfiles/kml/paddle/P.png</href>
			</Icon>
			<hotSpot x="32" y="1" xunits="pixels" yunits="pixels"/>
		</IconStyle>
		<LabelStyle>
			<color>ff00ffff</color>
			<scale>0.7</scale>
		</LabelStyle>
		<ListStyle>
			<ItemIcon>
				<href>http://maps.google.com/mapfiles/kml/paddle/P-lv.png</href>
			</ItemIcon>
		</ListStyle>
	</Style>
	<Style id="sh_P2">
		<IconStyle>
			<scale>1.3</scale>
			<Icon>
				<href>http://maps.google.com/mapfiles/kml/paddle/P.png</href>
			</Icon>
			<hotSpot x="32" y="1" xunits="pixels" yunits="pixels"/>
		</IconStyle>
		<LabelStyle>
			<color>ff00ffff</color>
			<scale>0.7</scale>
		</LabelStyle>
		<ListStyle>
			<ItemIcon>
				<href>http://maps.google.com/mapfiles/kml/paddle/P-lv.png</href>
			</ItemIcon>
		</ListStyle>
	</Style>
	<Style id="sh_P20">
		<IconStyle>
			<scale>1.3</scale>
			<Icon>
				<href>http://maps.google.com/mapfiles/kml/paddle/P.png</href>
			</Icon>
			<hotSpot x="32" y="1" xunits="pixels" yunits="pixels"/>
		</IconStyle>
		<LabelStyle>
			<color>ff00ffff</color>
			<scale>0.7</scale>
		</LabelStyle>
		<ListStyle>
			<ItemIcon>
				<href>http://maps.google.com/mapfiles/kml/paddle/P-lv.png</href>
			</ItemIcon>
		</ListStyle>
	</Style>
	<Style id="sh_P3">
		<IconStyle>
			<scale>1.3</scale>
			<Icon>
				<href>http://maps.google.com/mapfiles/kml/paddle/P.png</href>
			</Icon>
			<hotSpot x="32" y="1" xunits="pixels" yunits="pixels"/>
		</IconStyle>
		<LabelStyle>
			<color>ff00ffff</color>
			<scale>0.7</scale>
		</LabelStyle>
		<ListStyle>
			<ItemIcon>
				<href>http://maps.google.com/mapfiles/kml/paddle/P-lv.png</href>
			</ItemIcon>
		</ListStyle>
	</Style>
	<Style id="sh_Q">
		<IconStyle>
			<scale>1.3</scale>
			<Icon>
				<href>http://maps.google.com/mapfiles/kml/paddle/Q.png</href>
			</Icon>
			<hotSpot x="32" y="1" xunits="pixels" yunits="pixels"/>
		</IconStyle>
		<LabelStyle>
			<color>ff00ffff</color>
			<scale>0.7</scale>
		</LabelStyle>
		<ListStyle>
			<ItemIcon>
				<href>http://maps.google.com/mapfiles/kml/paddle/Q-lv.png</href>
			</ItemIcon>
		</ListStyle>
	</Style>
	<Style id="sh_R">
		<IconStyle>
			<scale>1.3</scale>
			<Icon>
				<href>http://maps.google.com/mapfiles/kml/paddle/R.png</href>
			</Icon>
			<hotSpot x="32" y="1" xunits="pixels" yunits="pixels"/>
		</IconStyle>
		<LabelStyle>
			<color>ff00ffff</color>
			<scale>0.7</scale>
		</LabelStyle>
		<ListStyle>
			<ItemIcon>
				<href>http://maps.google.com/mapfiles/kml/paddle/R-lv.png</href>
			</ItemIcon>
		</ListStyle>
	</Style>
	<Style id="sh_R0">
		<IconStyle>
			<color>ff00ffff</color>
			<scale>1.18182</scale>
			<Icon>
				<href>http://maps.google.com/mapfiles/kml/paddle/R.png</href>
			</Icon>
			<hotSpot x="32" y="1" xunits="pixels" yunits="pixels"/>
		</IconStyle>
		<LabelStyle>
			<color>ff00ffff</color>
			<scale>0.7</scale>
		</LabelStyle>
		<ListStyle>
			<ItemIcon>
				<href>http://maps.google.com/mapfiles/kml/paddle/R-lv.png</href>
			</ItemIcon>
		</ListStyle>
	</Style>
	<Style id="sh_S">
		<IconStyle>
			<scale>1.3</scale>
			<Icon>
				<href>http://maps.google.com/mapfiles/kml/paddle/S.png</href>
			</Icon>
			<hotSpot x="32" y="1" xunits="pixels" yunits="pixels"/>
		</IconStyle>
		<LabelStyle>
			<color>ff00ffff</color>
			<scale>0.7</scale>
		</LabelStyle>
		<ListStyle>
			<ItemIcon>
				<href>http://maps.google.com/mapfiles/kml/paddle/S-lv.png</href>
			</ItemIcon>
		</ListStyle>
	</Style>
	<Style id="sh_S0">
		<IconStyle>
			<scale>1.3</scale>
			<Icon>
				<href>http://maps.google.com/mapfiles/kml/paddle/S.png</href>
			</Icon>
			<hotSpot x="32" y="1" xunits="pixels" yunits="pixels"/>
		</IconStyle>
		<LabelStyle>
			<color>ff00ffff</color>
			<scale>0.7</scale>
		</LabelStyle>
		<ListStyle>
			<ItemIcon>
				<href>http://maps.google.com/mapfiles/kml/paddle/S-lv.png</href>
			</ItemIcon>
		</ListStyle>
	</Style>
	<Style id="sh_S00">
		<IconStyle>
			<color>ff00ffff</color>
			<scale>1.18182</scale>
			<Icon>
				<href>http://maps.google.com/mapfiles/kml/paddle/S.png</href>
			</Icon>
			<hotSpot x="32" y="1" xunits="pixels" yunits="pixels"/>
		</IconStyle>
		<LabelStyle>
			<color>ff00ffff</color>
			<scale>0.7</scale>
		</LabelStyle>
		<ListStyle>
			<ItemIcon>
				<href>http://maps.google.com/mapfiles/kml/paddle/S-lv.png</href>
			</ItemIcon>
		</ListStyle>
	</Style>
	<Style id="sh_S1">
		<IconStyle>
			<scale>1.3</scale>
			<Icon>
				<href>http://maps.google.com/mapfiles/kml/paddle/S.png</href>
			</Icon>
			<hotSpot x="32" y="1" xunits="pixels" yunits="pixels"/>
		</IconStyle>
		<LabelStyle>
			<color>ff00ffff</color>
			<scale>0.7</scale>
		</LabelStyle>
		<ListStyle>
			<ItemIcon>
				<href>http://maps.google.com/mapfiles/kml/paddle/S-lv.png</href>
			</ItemIcon>
		</ListStyle>
	</Style>
	<Style id="sh_T">
		<IconStyle>
			<scale>1.18182</scale>
			<Icon>
				<href>http://maps.google.com/mapfiles/kml/paddle/T.png</href>
			</Icon>
			<hotSpot x="32" y="1" xunits="pixels" yunits="pixels"/>
		</IconStyle>
		<LabelStyle>
			<color>ff00ffff</color>
			<scale>0.7</scale>
		</LabelStyle>
		<ListStyle>
			<ItemIcon>
				<href>http://maps.google.com/mapfiles/kml/paddle/T-lv.png</href>
			</ItemIcon>
		</ListStyle>
	</Style>
	<Style id="sh_T0">
		<IconStyle>
			<scale>1.3</scale>
			<Icon>
				<href>http://maps.google.com/mapfiles/kml/paddle/T.png</href>
			</Icon>
			<hotSpot x="32" y="1" xunits="pixels" yunits="pixels"/>
		</IconStyle>
		<LabelStyle>
			<color>ff00ffff</color>
			<scale>0.7</scale>
		</LabelStyle>
		<ListStyle>
			<ItemIcon>
				<href>http://maps.google.com/mapfiles/kml/paddle/T-lv.png</href>
			</ItemIcon>
		</ListStyle>
	</Style>
	<Style id="sh_T00">
		<IconStyle>
			<scale>0.827273</scale>
			<Icon>
				<href>http://maps.google.com/mapfiles/kml/paddle/T.png</href>
			</Icon>
			<hotSpot x="32" y="1" xunits="pixels" yunits="pixels"/>
		</IconStyle>
		<LabelStyle>
			<color>ff00ffff</color>
			<scale>0.7</scale>
		</LabelStyle>
		<ListStyle>
			<ItemIcon>
				<href>http://maps.google.com/mapfiles/kml/paddle/T-lv.png</href>
			</ItemIcon>
		</ListStyle>
	</Style>
	<Style id="sh_T1">
		<IconStyle>
			<scale>1.3</scale>
			<Icon>
				<href>http://maps.google.com/mapfiles/kml/paddle/T.png</href>
			</Icon>
			<hotSpot x="32" y="1" xunits="pixels" yunits="pixels"/>
		</IconStyle>
		<LabelStyle>
			<color>ff00ffff</color>
			<scale>0.7</scale>
		</LabelStyle>
		<ListStyle>
			<ItemIcon>
				<href>http://maps.google.com/mapfiles/kml/paddle/T-lv.png</href>
			</ItemIcon>
		</ListStyle>
	</Style>
	<Style id="sh_T2">
		<IconStyle>
			<scale>1.3</scale>
			<Icon>
				<href>http://maps.google.com/mapfiles/kml/paddle/T.png</href>
			</Icon>
			<hotSpot x="32" y="1" xunits="pixels" yunits="pixels"/>
		</IconStyle>
		<LabelStyle>
			<color>ff00ffff</color>
			<scale>0.7</scale>
		</LabelStyle>
		<ListStyle>
			<ItemIcon>
				<href>http://maps.google.com/mapfiles/kml/paddle/T-lv.png</href>
			</ItemIcon>
		</ListStyle>
	</Style>
	<Style id="sh_T3">
		<IconStyle>
			<scale>1.3</scale>
			<Icon>
				<href>http://maps.google.com/mapfiles/kml/paddle/T.png</href>
			</Icon>
			<hotSpot x="32" y="1" xunits="pixels" yunits="pixels"/>
		</IconStyle>
		<LabelStyle>
			<color>ff00ffff</color>
			<scale>0.7</scale>
		</LabelStyle>
		<ListStyle>
			<ItemIcon>
				<href>http://maps.google.com/mapfiles/kml/paddle/T-lv.png</href>
			</ItemIcon>
		</ListStyle>
	</Style>
	<Style id="sh_T4">
		<IconStyle>
			<scale>1.3</scale>
			<Icon>
				<href>http://maps.google.com/mapfiles/kml/paddle/T.png</href>
			</Icon>
			<hotSpot x="32" y="1" xunits="pixels" yunits="pixels"/>
		</IconStyle>
		<LabelStyle>
			<color>ff00ffff</color>
			<scale>0.7</scale>
		</LabelStyle>
		<ListStyle>
			<ItemIcon>
				<href>http://maps.google.com/mapfiles/kml/paddle/T-lv.png</href>
			</ItemIcon>
		</ListStyle>
	</Style>
	<Style id="sh_T5">
		<IconStyle>
			<color>ff00ffff</color>
			<scale>1.18182</scale>
			<Icon>
				<href>http://maps.google.com/mapfiles/kml/paddle/T.png</href>
			</Icon>
			<hotSpot x="32" y="1" xunits="pixels" yunits="pixels"/>
		</IconStyle>
		<LabelStyle>
			<color>ff00ffff</color>
			<scale>0.7</scale>
		</LabelStyle>
		<ListStyle>
			<ItemIcon>
				<href>http://maps.google.com/mapfiles/kml/paddle/T-lv.png</href>
			</ItemIcon>
		</ListStyle>
	</Style>
	<Style id="sh_U">
		<IconStyle>
			<scale>1.3</scale>
			<Icon>
				<href>http://maps.google.com/mapfiles/kml/paddle/U.png</href>
			</Icon>
			<hotSpot x="32" y="1" xunits="pixels" yunits="pixels"/>
		</IconStyle>
		<LabelStyle>
			<color>ff00ffff</color>
			<scale>0.7</scale>
		</LabelStyle>
		<ListStyle>
			<ItemIcon>
				<href>http://maps.google.com/mapfiles/kml/paddle/U-lv.png</href>
			</ItemIcon>
		</ListStyle>
	</Style>
	<Style id="sh_U0">
		<IconStyle>
			<color>ff00ffff</color>
			<scale>1.18182</scale>
			<Icon>
				<href>http://maps.google.com/mapfiles/kml/paddle/U.png</href>
			</Icon>
			<hotSpot x="32" y="1" xunits="pixels" yunits="pixels"/>
		</IconStyle>
		<LabelStyle>
			<color>ff00ffff</color>
			<scale>0.7</scale>
		</LabelStyle>
		<ListStyle>
			<ItemIcon>
				<href>http://maps.google.com/mapfiles/kml/paddle/U-lv.png</href>
			</ItemIcon>
		</ListStyle>
	</Style>
	<Style id="sh_V">
		<IconStyle>
			<color>ff00ffff</color>
			<scale>1.18182</scale>
			<Icon>
				<href>http://maps.google.com/mapfiles/kml/paddle/V.png</href>
			</Icon>
			<hotSpot x="32" y="1" xunits="pixels" yunits="pixels"/>
		</IconStyle>
		<LabelStyle>
			<color>ff00ffff</color>
			<scale>0.7</scale>
		</LabelStyle>
		<ListStyle>
			<ItemIcon>
				<href>http://maps.google.com/mapfiles/kml/paddle/V-lv.png</href>
			</ItemIcon>
		</ListStyle>
	</Style>
	<Style id="sh_W">
		<IconStyle>
			<scale>1.3</scale>
			<Icon>
				<href>http://maps.google.com/mapfiles/kml/paddle/W.png</href>
			</Icon>
			<hotSpot x="32" y="1" xunits="pixels" yunits="pixels"/>
		</IconStyle>
		<LabelStyle>
			<color>ff00ffff</color>
			<scale>0.7</scale>
		</LabelStyle>
		<ListStyle>
			<ItemIcon>
				<href>http://maps.google.com/mapfiles/kml/paddle/W-lv.png</href>
			</ItemIcon>
		</ListStyle>
	</Style>
	<Style id="sh_X">
		<IconStyle>
			<scale>1.3</scale>
			<Icon>
				<href>http://maps.google.com/mapfiles/kml/paddle/X.png</href>
			</Icon>
			<hotSpot x="32" y="1" xunits="pixels" yunits="pixels"/>
		</IconStyle>
		<LabelStyle>
			<color>ff00ffff</color>
			<scale>0.7</scale>
		</LabelStyle>
		<ListStyle>
			<ItemIcon>
				<href>http://maps.google.com/mapfiles/kml/paddle/X-lv.png</href>
			</ItemIcon>
		</ListStyle>
	</Style>
	<Style id="sh_Y">
		<IconStyle>
			<scale>1.3</scale>
			<Icon>
				<href>http://maps.google.com/mapfiles/kml/paddle/Y.png</href>
			</Icon>
			<hotSpot x="32" y="1" xunits="pixels" yunits="pixels"/>
		</IconStyle>
		<LabelStyle>
			<color>ff00ffff</color>
			<scale>0.7</scale>
		</LabelStyle>
		<ListStyle>
			<ItemIcon>
				<href>http://maps.google.com/mapfiles/kml/paddle/Y-lv.png</href>
			</ItemIcon>
		</ListStyle>
	</Style>
	<Style id="sn_A">
		<IconStyle>
			<scale>1.1</scale>
			<Icon>
				<href>http://maps.google.com/mapfiles/kml/paddle/A.png</href>
			</Icon>
			<hotSpot x="32" y="1" xunits="pixels" yunits="pixels"/>
		</IconStyle>
		<LabelStyle>
			<color>ff00ffff</color>
			<scale>0.7</scale>
		</LabelStyle>
		<ListStyle>
			<ItemIcon>
				<href>http://maps.google.com/mapfiles/kml/paddle/A-lv.png</href>
			</ItemIcon>
		</ListStyle>
	</Style>
	<Style id="sn_A0">
		<IconStyle>
			<scale>1.1</scale>
			<Icon>
				<href>http://maps.google.com/mapfiles/kml/paddle/A.png</href>
			</Icon>
			<hotSpot x="32" y="1" xunits="pixels" yunits="pixels"/>
		</IconStyle>
		<LabelStyle>
			<color>ff00ffff</color>
			<scale>0.7</scale>
		</LabelStyle>
		<ListStyle>
			<ItemIcon>
				<href>http://maps.google.com/mapfiles/kml/paddle/A-lv.png</href>
			</ItemIcon>
		</ListStyle>
	</Style>
	<Style id="sn_A1">
		<IconStyle>
			<scale>1.1</scale>
			<Icon>
				<href>http://maps.google.com/mapfiles/kml/paddle/A.png</href>
			</Icon>
			<hotSpot x="32" y="1" xunits="pixels" yunits="pixels"/>
		</IconStyle>
		<LabelStyle>
			<color>ff00ffff</color>
			<scale>0.7</scale>
		</LabelStyle>
		<ListStyle>
			<ItemIcon>
				<href>http://maps.google.com/mapfiles/kml/paddle/A-lv.png</href>
			</ItemIcon>
		</ListStyle>
	</Style>
	<Style id="sn_A2">
		<IconStyle>
			<color>ff7f00ff</color>
			<scale>1.1</scale>
			<Icon>
				<href>http://maps.google.com/mapfiles/kml/paddle/A.png</href>
			</Icon>
			<hotSpot x="32" y="1" xunits="pixels" yunits="pixels"/>
		</IconStyle>
		<LabelStyle>
			<color>ff00ffff</color>
			<scale>0.7</scale>
		</LabelStyle>
		<ListStyle>
			<ItemIcon>
				<href>http://maps.google.com/mapfiles/kml/paddle/A-lv.png</href>
			</ItemIcon>
		</ListStyle>
	</Style>
	<Style id="sn_A3">
		<IconStyle>
			<scale>1.1</scale>
			<Icon>
				<href>http://maps.google.com/mapfiles/kml/paddle/A.png</href>
			</Icon>
			<hotSpot x="32" y="1" xunits="pixels" yunits="pixels"/>
		</IconStyle>
		<LabelStyle>
			<color>ff00ffff</color>
			<scale>0.7</scale>
		</LabelStyle>
		<ListStyle>
			<ItemIcon>
				<href>http://maps.google.com/mapfiles/kml/paddle/A-lv.png</href>
			</ItemIcon>
		</ListStyle>
	</Style>
	<Style id="sn_B">
		<IconStyle>
			<scale>1.1</scale>
			<Icon>
				<href>http://maps.google.com/mapfiles/kml/paddle/B.png</href>
			</Icon>
			<hotSpot x="32" y="1" xunits="pixels" yunits="pixels"/>
		</IconStyle>
		<LabelStyle>
			<color>ff00ffff</color>
			<scale>0.7</scale>
		</LabelStyle>
		<ListStyle>
			<ItemIcon>
				<href>http://maps.google.com/mapfiles/kml/paddle/B-lv.png</href>
			</ItemIcon>
		</ListStyle>
	</Style>
	<Style id="sn_B0">
		<IconStyle>
			<color>ff00ffff</color>
			<Icon>
				<href>http://maps.google.com/mapfiles/kml/paddle/B.png</href>
			</Icon>
			<hotSpot x="32" y="1" xunits="pixels" yunits="pixels"/>
		</IconStyle>
		<LabelStyle>
			<color>ff00ffff</color>
			<scale>0.7</scale>
		</LabelStyle>
		<ListStyle>
			<ItemIcon>
				<href>http://maps.google.com/mapfiles/kml/paddle/B-lv.png</href>
			</ItemIcon>
		</ListStyle>
	</Style>
	<Style id="sn_B1">
		<IconStyle>
			<color>ff00ffff</color>
			<Icon>
				<href>http://maps.google.com/mapfiles/kml/paddle/B.png</href>
			</Icon>
			<hotSpot x="32" y="1" xunits="pixels" yunits="pixels"/>
		</IconStyle>
		<LabelStyle>
			<color>ff00ffff</color>
			<scale>0.7</scale>
		</LabelStyle>
		<ListStyle>
			<ItemIcon>
				<href>http://maps.google.com/mapfiles/kml/paddle/B-lv.png</href>
			</ItemIcon>
		</ListStyle>
	</Style>
	<Style id="sn_B10">
		<IconStyle>
			<scale>1.1</scale>
			<Icon>
				<href>http://maps.google.com/mapfiles/kml/paddle/B.png</href>
			</Icon>
			<hotSpot x="32" y="1" xunits="pixels" yunits="pixels"/>
		</IconStyle>
		<LabelStyle>
			<color>ff00ffff</color>
			<scale>0.7</scale>
		</LabelStyle>
		<ListStyle>
			<ItemIcon>
				<href>http://maps.google.com/mapfiles/kml/paddle/B-lv.png</href>
			</ItemIcon>
		</ListStyle>
	</Style>
	<Style id="sn_C">
		<IconStyle>
			<scale>1.1</scale>
			<Icon>
				<href>http://maps.google.com/mapfiles/kml/paddle/C.png</href>
			</Icon>
			<hotSpot x="32" y="1" xunits="pixels" yunits="pixels"/>
		</IconStyle>
		<LabelStyle>
			<color>ff00ffff</color>
			<scale>0.7</scale>
		</LabelStyle>
		<ListStyle>
			<ItemIcon>
				<href>http://maps.google.com/mapfiles/kml/paddle/C-lv.png</href>
			</ItemIcon>
		</ListStyle>
	</Style>
	<Style id="sn_C0">
		<IconStyle>
			<scale>1.1</scale>
			<Icon>
				<href>http://maps.google.com/mapfiles/kml/paddle/C.png</href>
			</Icon>
			<hotSpot x="32" y="1" xunits="pixels" yunits="pixels"/>
		</IconStyle>
		<LabelStyle>
			<color>ff00ffff</color>
			<scale>0.7</scale>
		</LabelStyle>
		<ListStyle>
			<ItemIcon>
				<href>http://maps.google.com/mapfiles/kml/paddle/C-lv.png</href>
			</ItemIcon>
		</ListStyle>
	</Style>
	<Style id="sn_C00">
		<IconStyle>
			<color>ff00ffff</color>
			<Icon>
				<href>http://maps.google.com/mapfiles/kml/paddle/C.png</href>
			</Icon>
			<hotSpot x="32" y="1" xunits="pixels" yunits="pixels"/>
		</IconStyle>
		<LabelStyle>
			<color>ff00ffff</color>
			<scale>0.7</scale>
		</LabelStyle>
		<ListStyle>
			<ItemIcon>
				<href>http://maps.google.com/mapfiles/kml/paddle/C-lv.png</href>
			</ItemIcon>
		</ListStyle>
	</Style>
	<Style id="sn_C1">
		<IconStyle>
			<scale>1.1</scale>
			<Icon>
				<href>http://maps.google.com/mapfiles/kml/paddle/C.png</href>
			</Icon>
			<hotSpot x="32" y="1" xunits="pixels" yunits="pixels"/>
		</IconStyle>
		<LabelStyle>
			<color>ff00ffff</color>
			<scale>0.7</scale>
		</LabelStyle>
		<ListStyle>
			<ItemIcon>
				<href>http://maps.google.com/mapfiles/kml/paddle/C-lv.png</href>
			</ItemIcon>
		</ListStyle>
	</Style>
	<Style id="sn_D">
		<IconStyle>
			<scale>1.1</scale>
			<Icon>
				<href>http://maps.google.com/mapfiles/kml/paddle/D.png</href>
			</Icon>
			<hotSpot x="32" y="1" xunits="pixels" yunits="pixels"/>
		</IconStyle>
		<LabelStyle>
			<color>ff00ffff</color>
			<scale>0.7</scale>
		</LabelStyle>
		<ListStyle>
			<ItemIcon>
				<href>http://maps.google.com/mapfiles/kml/paddle/D-lv.png</href>
			</ItemIcon>
		</ListStyle>
	</Style>
	<Style id="sn_D0">
		<IconStyle>
			<color>ff00ffff</color>
			<Icon>
				<href>http://maps.google.com/mapfiles/kml/paddle/D.png</href>
			</Icon>
			<hotSpot x="32" y="1" xunits="pixels" yunits="pixels"/>
		</IconStyle>
		<LabelStyle>
			<color>ff00ffff</color>
			<scale>0.7</scale>
		</LabelStyle>
		<ListStyle>
			<ItemIcon>
				<href>http://maps.google.com/mapfiles/kml/paddle/D-lv.png</href>
			</ItemIcon>
		</ListStyle>
	</Style>
	<Style id="sn_D00">
		<IconStyle>
			<color>ff00ffff</color>
			<Icon>
				<href>http://maps.google.com/mapfiles/kml/paddle/D.png</href>
			</Icon>
			<hotSpot x="32" y="1" xunits="pixels" yunits="pixels"/>
		</IconStyle>
		<LabelStyle>
			<color>ff00ffff</color>
			<scale>0.7</scale>
		</LabelStyle>
		<ListStyle>
			<ItemIcon>
				<href>http://maps.google.com/mapfiles/kml/paddle/D-lv.png</href>
			</ItemIcon>
		</ListStyle>
	</Style>
	<Style id="sn_E">
		<IconStyle>
			<scale>1.1</scale>
			<Icon>
				<href>http://maps.google.com/mapfiles/kml/paddle/E.png</href>
			</Icon>
			<hotSpot x="32" y="1" xunits="pixels" yunits="pixels"/>
		</IconStyle>
		<LabelStyle>
			<color>ff00ffff</color>
			<scale>0.7</scale>
		</LabelStyle>
		<ListStyle>
			<ItemIcon>
				<href>http://maps.google.com/mapfiles/kml/paddle/E-lv.png</href>
			</ItemIcon>
		</ListStyle>
	</Style>
	<Style id="sn_F">
		<IconStyle>
			<scale>1.1</scale>
			<Icon>
				<href>http://maps.google.com/mapfiles/kml/paddle/F.png</href>
			</Icon>
			<hotSpot x="32" y="1" xunits="pixels" yunits="pixels"/>
		</IconStyle>
		<LabelStyle>
			<color>ff00ffff</color>
			<scale>0.7</scale>
		</LabelStyle>
		<ListStyle>
			<ItemIcon>
				<href>http://maps.google.com/mapfiles/kml/paddle/F-lv.png</href>
			</ItemIcon>
		</ListStyle>
	</Style>
	<Style id="sn_F0">
		<IconStyle>
			<scale>1.1</scale>
			<Icon>
				<href>http://maps.google.com/mapfiles/kml/paddle/F.png</href>
			</Icon>
			<hotSpot x="32" y="1" xunits="pixels" yunits="pixels"/>
		</IconStyle>
		<LabelStyle>
			<color>ff00ffff</color>
			<scale>0.7</scale>
		</LabelStyle>
		<ListStyle>
			<ItemIcon>
				<href>http://maps.google.com/mapfiles/kml/paddle/F-lv.png</href>
			</ItemIcon>
		</ListStyle>
	</Style>
	<Style id="sn_F00">
		<IconStyle>
			<color>ff00ffff</color>
			<Icon>
				<href>http://maps.google.com/mapfiles/kml/paddle/F.png</href>
			</Icon>
			<hotSpot x="32" y="1" xunits="pixels" yunits="pixels"/>
		</IconStyle>
		<LabelStyle>
			<color>ff00ffff</color>
			<scale>0.7</scale>
		</LabelStyle>
		<ListStyle>
			<ItemIcon>
				<href>http://maps.google.com/mapfiles/kml/paddle/F-lv.png</href>
			</ItemIcon>
		</ListStyle>
	</Style>
	<Style id="sn_F1">
		<IconStyle>
			<scale>1.1</scale>
			<Icon>
				<href>http://maps.google.com/mapfiles/kml/paddle/F.png</href>
			</Icon>
			<hotSpot x="32" y="1" xunits="pixels" yunits="pixels"/>
		</IconStyle>
		<LabelStyle>
			<color>ff00ffff</color>
			<scale>0.7</scale>
		</LabelStyle>
		<ListStyle>
			<ItemIcon>
				<href>http://maps.google.com/mapfiles/kml/paddle/F-lv.png</href>
			</ItemIcon>
		</ListStyle>
	</Style>
	<Style id="sn_G">
		<IconStyle>
			<scale>1.1</scale>
			<Icon>
				<href>http://maps.google.com/mapfiles/kml/paddle/G.png</href>
			</Icon>
			<hotSpot x="32" y="1" xunits="pixels" yunits="pixels"/>
		</IconStyle>
		<LabelStyle>
			<color>ff00ffff</color>
			<scale>0.7</scale>
		</LabelStyle>
		<ListStyle>
			<ItemIcon>
				<href>http://maps.google.com/mapfiles/kml/paddle/G-lv.png</href>
			</ItemIcon>
		</ListStyle>
	</Style>
	<Style id="sn_G0">
		<IconStyle>
			<scale>1.1</scale>
			<Icon>
				<href>http://maps.google.com/mapfiles/kml/paddle/G.png</href>
			</Icon>
			<hotSpot x="32" y="1" xunits="pixels" yunits="pixels"/>
		</IconStyle>
		<LabelStyle>
			<color>ff00ffff</color>
			<scale>0.7</scale>
		</LabelStyle>
		<ListStyle>
			<ItemIcon>
				<href>http://maps.google.com/mapfiles/kml/paddle/G-lv.png</href>
			</ItemIcon>
		</ListStyle>
	</Style>
	<Style id="sn_G1">
		<IconStyle>
			<color>ff00ffff</color>
			<Icon>
				<href>http://maps.google.com/mapfiles/kml/paddle/G.png</href>
			</Icon>
			<hotSpot x="32" y="1" xunits="pixels" yunits="pixels"/>
		</IconStyle>
		<LabelStyle>
			<color>ff00ffff</color>
			<scale>0.7</scale>
		</LabelStyle>
		<ListStyle>
			<ItemIcon>
				<href>http://maps.google.com/mapfiles/kml/paddle/G-lv.png</href>
			</ItemIcon>
		</ListStyle>
	</Style>
	<Style id="sn_H">
		<IconStyle>
			<scale>1.1</scale>
			<Icon>
				<href>http://maps.google.com/mapfiles/kml/paddle/H.png</href>
			</Icon>
			<hotSpot x="32" y="1" xunits="pixels" yunits="pixels"/>
		</IconStyle>
		<LabelStyle>
			<color>ff00ffff</color>
			<scale>0.7</scale>
		</LabelStyle>
		<ListStyle>
			<ItemIcon>
				<href>http://maps.google.com/mapfiles/kml/paddle/H-lv.png</href>
			</ItemIcon>
		</ListStyle>
	</Style>
	<Style id="sn_H0">
		<IconStyle>
			<scale>1.1</scale>
			<Icon>
				<href>http://maps.google.com/mapfiles/kml/paddle/H.png</href>
			</Icon>
			<hotSpot x="32" y="1" xunits="pixels" yunits="pixels"/>
		</IconStyle>
		<LabelStyle>
			<color>ff00ffff</color>
			<scale>0.7</scale>
		</LabelStyle>
		<ListStyle>
			<ItemIcon>
				<href>http://maps.google.com/mapfiles/kml/paddle/H-lv.png</href>
			</ItemIcon>
		</ListStyle>
	</Style>
	<Style id="sn_I">
		<IconStyle>
			<scale>1.1</scale>
			<Icon>
				<href>http://maps.google.com/mapfiles/kml/paddle/I.png</href>
			</Icon>
			<hotSpot x="32" y="1" xunits="pixels" yunits="pixels"/>
		</IconStyle>
		<LabelStyle>
			<color>ff00ffff</color>
			<scale>0.7</scale>
		</LabelStyle>
		<ListStyle>
			<ItemIcon>
				<href>http://maps.google.com/mapfiles/kml/paddle/I-lv.png</href>
			</ItemIcon>
		</ListStyle>
	</Style>
	<Style id="sn_J">
		<IconStyle>
			<scale>1.1</scale>
			<Icon>
				<href>http://maps.google.com/mapfiles/kml/paddle/J.png</href>
			</Icon>
			<hotSpot x="32" y="1" xunits="pixels" yunits="pixels"/>
		</IconStyle>
		<LabelStyle>
			<color>ff00ffff</color>
			<scale>0.7</scale>
		</LabelStyle>
		<ListStyle>
			<ItemIcon>
				<href>http://maps.google.com/mapfiles/kml/paddle/J-lv.png</href>
			</ItemIcon>
		</ListStyle>
	</Style>
	<Style id="sn_J0">
		<IconStyle>
			<scale>1.1</scale>
			<Icon>
				<href>http://maps.google.com/mapfiles/kml/paddle/J.png</href>
			</Icon>
			<hotSpot x="32" y="1" xunits="pixels" yunits="pixels"/>
		</IconStyle>
		<LabelStyle>
			<color>ff00ffff</color>
			<scale>0.7</scale>
		</LabelStyle>
		<ListStyle>
			<ItemIcon>
				<href>http://maps.google.com/mapfiles/kml/paddle/J-lv.png</href>
			</ItemIcon>
		</ListStyle>
	</Style>
	<Style id="sn_J1">
		<IconStyle>
			<scale>1.1</scale>
			<Icon>
				<href>http://maps.google.com/mapfiles/kml/paddle/J.png</href>
			</Icon>
			<hotSpot x="32" y="1" xunits="pixels" yunits="pixels"/>
		</IconStyle>
		<LabelStyle>
			<color>ff00ffff</color>
			<scale>0.7</scale>
		</LabelStyle>
		<ListStyle>
			<ItemIcon>
				<href>http://maps.google.com/mapfiles/kml/paddle/J-lv.png</href>
			</ItemIcon>
		</ListStyle>
	</Style>
	<Style id="sn_K">
		<IconStyle>
			<color>ff00ffff</color>
			<Icon>
				<href>http://maps.google.com/mapfiles/kml/paddle/K.png</href>
			</Icon>
			<hotSpot x="32" y="1" xunits="pixels" yunits="pixels"/>
		</IconStyle>
		<LabelStyle>
			<color>ff00ffff</color>
			<scale>0.7</scale>
		</LabelStyle>
		<ListStyle>
			<ItemIcon>
				<href>http://maps.google.com/mapfiles/kml/paddle/K-lv.png</href>
			</ItemIcon>
		</ListStyle>
	</Style>
	<Style id="sn_L">
		<IconStyle>
			<scale>1.1</scale>
			<Icon>
				<href>http://maps.google.com/mapfiles/kml/paddle/L.png</href>
			</Icon>
			<hotSpot x="32" y="1" xunits="pixels" yunits="pixels"/>
		</IconStyle>
		<LabelStyle>
			<color>ff00ffff</color>
			<scale>0.7</scale>
		</LabelStyle>
		<ListStyle>
			<ItemIcon>
				<href>http://maps.google.com/mapfiles/kml/paddle/L-lv.png</href>
			</ItemIcon>
		</ListStyle>
	</Style>
	<Style id="sn_L0">
		<IconStyle>
			<scale>1.1</scale>
			<Icon>
				<href>http://maps.google.com/mapfiles/kml/paddle/L.png</href>
			</Icon>
			<hotSpot x="32" y="1" xunits="pixels" yunits="pixels"/>
		</IconStyle>
		<LabelStyle>
			<color>ff00ffff</color>
			<scale>0.7</scale>
		</LabelStyle>
		<ListStyle>
			<ItemIcon>
				<href>http://maps.google.com/mapfiles/kml/paddle/L-lv.png</href>
			</ItemIcon>
		</ListStyle>
	</Style>
	<Style id="sn_L1">
		<IconStyle>
			<color>ff00ffff</color>
			<Icon>
				<href>http://maps.google.com/mapfiles/kml/paddle/L.png</href>
			</Icon>
			<hotSpot x="32" y="1" xunits="pixels" yunits="pixels"/>
		</IconStyle>
		<LabelStyle>
			<color>ff00ffff</color>
			<scale>0.7</scale>
		</LabelStyle>
		<ListStyle>
			<ItemIcon>
				<href>http://maps.google.com/mapfiles/kml/paddle/L-lv.png</href>
			</ItemIcon>
		</ListStyle>
	</Style>
	<Style id="sn_M">
		<IconStyle>
			<scale>1.1</scale>
			<Icon>
				<href>http://maps.google.com/mapfiles/kml/paddle/M.png</href>
			</Icon>
			<hotSpot x="32" y="1" xunits="pixels" yunits="pixels"/>
		</IconStyle>
		<LabelStyle>
			<color>ff00ffff</color>
			<scale>0.7</scale>
		</LabelStyle>
		<ListStyle>
			<ItemIcon>
				<href>http://maps.google.com/mapfiles/kml/paddle/M-lv.png</href>
			</ItemIcon>
		</ListStyle>
	</Style>
	<Style id="sn_M0">
		<IconStyle>
			<scale>1.1</scale>
			<Icon>
				<href>http://maps.google.com/mapfiles/kml/paddle/M.png</href>
			</Icon>
			<hotSpot x="32" y="1" xunits="pixels" yunits="pixels"/>
		</IconStyle>
		<LabelStyle>
			<color>ff00ffff</color>
			<scale>0.7</scale>
		</LabelStyle>
		<ListStyle>
			<ItemIcon>
				<href>http://maps.google.com/mapfiles/kml/paddle/M-lv.png</href>
			</ItemIcon>
		</ListStyle>
	</Style>
	<Style id="sn_M00">
		<IconStyle>
			<scale>0.7</scale>
			<Icon>
				<href>http://maps.google.com/mapfiles/kml/paddle/M.png</href>
			</Icon>
			<hotSpot x="32" y="1" xunits="pixels" yunits="pixels"/>
		</IconStyle>
		<LabelStyle>
			<color>ff00ffff</color>
			<scale>0.7</scale>
		</LabelStyle>
		<ListStyle>
			<ItemIcon>
				<href>http://maps.google.com/mapfiles/kml/paddle/M-lv.png</href>
			</ItemIcon>
		</ListStyle>
	</Style>
	<Style id="sn_M1">
		<IconStyle>
			<scale>1.1</scale>
			<Icon>
				<href>http://maps.google.com/mapfiles/kml/paddle/M.png</href>
			</Icon>
			<hotSpot x="32" y="1" xunits="pixels" yunits="pixels"/>
		</IconStyle>
		<LabelStyle>
			<color>ff00ffff</color>
			<scale>0.7</scale>
		</LabelStyle>
		<ListStyle>
			<ItemIcon>
				<href>http://maps.google.com/mapfiles/kml/paddle/M-lv.png</href>
			</ItemIcon>
		</ListStyle>
	</Style>
	<Style id="sn_M10">
		<IconStyle>
			<scale>1.1</scale>
			<Icon>
				<href>http://maps.google.com/mapfiles/kml/paddle/M.png</href>
			</Icon>
			<hotSpot x="32" y="1" xunits="pixels" yunits="pixels"/>
		</IconStyle>
		<LabelStyle>
			<color>ff00ffff</color>
			<scale>0.7</scale>
		</LabelStyle>
		<ListStyle>
			<ItemIcon>
				<href>http://maps.google.com/mapfiles/kml/paddle/M-lv.png</href>
			</ItemIcon>
		</ListStyle>
	</Style>
	<Style id="sn_M2">
		<IconStyle>
			<scale>1.1</scale>
			<Icon>
				<href>http://maps.google.com/mapfiles/kml/paddle/M.png</href>
			</Icon>
			<hotSpot x="32" y="1" xunits="pixels" yunits="pixels"/>
		</IconStyle>
		<LabelStyle>
			<color>ff00ffff</color>
			<scale>0.7</scale>
		</LabelStyle>
		<ListStyle>
			<ItemIcon>
				<href>http://maps.google.com/mapfiles/kml/paddle/M-lv.png</href>
			</ItemIcon>
		</ListStyle>
	</Style>
	<Style id="sn_N">
		<IconStyle>
			<scale>1.1</scale>
			<Icon>
				<href>http://maps.google.com/mapfiles/kml/paddle/N.png</href>
			</Icon>
			<hotSpot x="32" y="1" xunits="pixels" yunits="pixels"/>
		</IconStyle>
		<LabelStyle>
			<color>ff00ffff</color>
			<scale>0.7</scale>
		</LabelStyle>
		<ListStyle>
			<ItemIcon>
				<href>http://maps.google.com/mapfiles/kml/paddle/N-lv.png</href>
			</ItemIcon>
		</ListStyle>
	</Style>
	<Style id="sn_N0">
		<IconStyle>
			<scale>1.1</scale>
			<Icon>
				<href>http://maps.google.com/mapfiles/kml/paddle/N.png</href>
			</Icon>
			<hotSpot x="32" y="1" xunits="pixels" yunits="pixels"/>
		</IconStyle>
		<LabelStyle>
			<color>ff00ffff</color>
			<scale>0.7</scale>
		</LabelStyle>
		<ListStyle>
			<ItemIcon>
				<href>http://maps.google.com/mapfiles/kml/paddle/N-lv.png</href>
			</ItemIcon>
		</ListStyle>
	</Style>
	<Style id="sn_NODE200">
		<IconStyle>
			<scale>1.1</scale>
			<Icon>
				<href>http://maps.google.com/mapfiles/kml/paddle/M.png</href>
			</Icon>
			<hotSpot x="32" y="1" xunits="pixels" yunits="pixels"/>
		</IconStyle>
		<LabelStyle>
			<color>ff00ffff</color>
			<scale>0.7</scale>
		</LabelStyle>
		<ListStyle>
			<ItemIcon>
				<href>http://maps.google.com/mapfiles/kml/paddle/M-lv.png</href>
			</ItemIcon>
		</ListStyle>
	</Style>
	<StyleMap id="sn_NODE60">
		<Pair>
			<key>normal</key>
			<styleUrl>#sn_NODE200</styleUrl>
		</Pair>
		<Pair>
			<key>highlight</key>
			<styleUrl>#sn_NODE8</styleUrl>
		</Pair>
	</StyleMap>
	<Style id="sn_NODE8">
		<IconStyle>
			<scale>1.1</scale>
			<Icon>
				<href>http://maps.google.com/mapfiles/kml/paddle/M.png</href>
			</Icon>
			<hotSpot x="32" y="1" xunits="pixels" yunits="pixels"/>
		</IconStyle>
		<LabelStyle>
			<color>ff00ffff</color>
			<scale>0.7</scale>
		</LabelStyle>
		<ListStyle>
			<ItemIcon>
				<href>http://maps.google.com/mapfiles/kml/paddle/M-lv.png</href>
			</ItemIcon>
		</ListStyle>
	</Style>
	<Style id="sn_O">
		<IconStyle>
			<scale>1.1</scale>
			<Icon>
				<href>http://maps.google.com/mapfiles/kml/paddle/O.png</href>
			</Icon>
			<hotSpot x="32" y="1" xunits="pixels" yunits="pixels"/>
		</IconStyle>
		<LabelStyle>
			<color>ff00ffff</color>
			<scale>0.7</scale>
		</LabelStyle>
		<ListStyle>
			<ItemIcon>
				<href>http://maps.google.com/mapfiles/kml/paddle/O-lv.png</href>
			</ItemIcon>
		</ListStyle>
	</Style>
	<Style id="sn_O0">
		<IconStyle>
			<scale>1.1</scale>
			<Icon>
				<href>http://maps.google.com/mapfiles/kml/paddle/O.png</href>
			</Icon>
			<hotSpot x="32" y="1" xunits="pixels" yunits="pixels"/>
		</IconStyle>
		<LabelStyle>
			<color>ff00ffff</color>
			<scale>0.7</scale>
		</LabelStyle>
		<ListStyle>
			<ItemIcon>
				<href>http://maps.google.com/mapfiles/kml/paddle/O-lv.png</href>
			</ItemIcon>
		</ListStyle>
	</Style>
	<Style id="sn_O00">
		<IconStyle>
			<scale>1.1</scale>
			<Icon>
				<href>http://maps.google.com/mapfiles/kml/paddle/O.png</href>
			</Icon>
			<hotSpot x="32" y="1" xunits="pixels" yunits="pixels"/>
		</IconStyle>
		<LabelStyle>
			<color>ff00ffff</color>
			<scale>0.7</scale>
		</LabelStyle>
		<ListStyle>
			<ItemIcon>
				<href>http://maps.google.com/mapfiles/kml/paddle/O-lv.png</href>
			</ItemIcon>
		</ListStyle>
	</Style>
	<Style id="sn_P">
		<IconStyle>
			<scale>1.1</scale>
			<Icon>
				<href>http://maps.google.com/mapfiles/kml/paddle/P.png</href>
			</Icon>
			<hotSpot x="32" y="1" xunits="pixels" yunits="pixels"/>
		</IconStyle>
		<LabelStyle>
			<color>ff00ffff</color>
			<scale>0.7</scale>
		</LabelStyle>
		<ListStyle>
			<ItemIcon>
				<href>http://maps.google.com/mapfiles/kml/paddle/P-lv.png</href>
			</ItemIcon>
		</ListStyle>
	</Style>
	<Style id="sn_P0">
		<IconStyle>
			<scale>1.1</scale>
			<Icon>
				<href>http://maps.google.com/mapfiles/kml/paddle/P.png</href>
			</Icon>
			<hotSpot x="32" y="1" xunits="pixels" yunits="pixels"/>
		</IconStyle>
		<LabelStyle>
			<color>ff00ffff</color>
			<scale>0.7</scale>
		</LabelStyle>
		<ListStyle>
			<ItemIcon>
				<href>http://maps.google.com/mapfiles/kml/paddle/P-lv.png</href>
			</ItemIcon>
		</ListStyle>
	</Style>
	<Style id="sn_P1">
		<IconStyle>
			<scale>1.1</scale>
			<Icon>
				<href>http://maps.google.com/mapfiles/kml/paddle/P.png</href>
			</Icon>
			<hotSpot x="32" y="1" xunits="pixels" yunits="pixels"/>
		</IconStyle>
		<LabelStyle>
			<color>ff00ffff</color>
			<scale>0.7</scale>
		</LabelStyle>
		<ListStyle>
			<ItemIcon>
				<href>http://maps.google.com/mapfiles/kml/paddle/P-lv.png</href>
			</ItemIcon>
		</ListStyle>
	</Style>
	<Style id="sn_P2">
		<IconStyle>
			<scale>1.1</scale>
			<Icon>
				<href>http://maps.google.com/mapfiles/kml/paddle/P.png</href>
			</Icon>
			<hotSpot x="32" y="1" xunits="pixels" yunits="pixels"/>
		</IconStyle>
		<LabelStyle>
			<color>ff00ffff</color>
			<scale>0.7</scale>
		</LabelStyle>
		<ListStyle>
			<ItemIcon>
				<href>http://maps.google.com/mapfiles/kml/paddle/P-lv.png</href>
			</ItemIcon>
		</ListStyle>
	</Style>
	<Style id="sn_P3">
		<IconStyle>
			<scale>1.1</scale>
			<Icon>
				<href>http://maps.google.com/mapfiles/kml/paddle/P.png</href>
			</Icon>
			<hotSpot x="32" y="1" xunits="pixels" yunits="pixels"/>
		</IconStyle>
		<LabelStyle>
			<color>ff00ffff</color>
			<scale>0.7</scale>
		</LabelStyle>
		<ListStyle>
			<ItemIcon>
				<href>http://maps.google.com/mapfiles/kml/paddle/P-lv.png</href>
			</ItemIcon>
		</ListStyle>
	</Style>
	<Style id="sn_P30">
		<IconStyle>
			<scale>1.1</scale>
			<Icon>
				<href>http://maps.google.com/mapfiles/kml/paddle/P.png</href>
			</Icon>
			<hotSpot x="32" y="1" xunits="pixels" yunits="pixels"/>
		</IconStyle>
		<LabelStyle>
			<color>ff00ffff</color>
			<scale>0.7</scale>
		</LabelStyle>
		<ListStyle>
			<ItemIcon>
				<href>http://maps.google.com/mapfiles/kml/paddle/P-lv.png</href>
			</ItemIcon>
		</ListStyle>
	</Style>
	<Style id="sn_P4">
		<IconStyle>
			<scale>1.1</scale>
			<Icon>
				<href>http://maps.google.com/mapfiles/kml/paddle/P.png</href>
			</Icon>
			<hotSpot x="32" y="1" xunits="pixels" yunits="pixels"/>
		</IconStyle>
		<LabelStyle>
			<color>ff00ffff</color>
			<scale>0.7</scale>
		</LabelStyle>
		<ListStyle>
			<ItemIcon>
				<href>http://maps.google.com/mapfiles/kml/paddle/P-lv.png</href>
			</ItemIcon>
		</ListStyle>
	</Style>
	<Style id="sn_Q">
		<IconStyle>
			<scale>1.1</scale>
			<Icon>
				<href>http://maps.google.com/mapfiles/kml/paddle/Q.png</href>
			</Icon>
			<hotSpot x="32" y="1" xunits="pixels" yunits="pixels"/>
		</IconStyle>
		<LabelStyle>
			<color>ff00ffff</color>
			<scale>0.7</scale>
		</LabelStyle>
		<ListStyle>
			<ItemIcon>
				<href>http://maps.google.com/mapfiles/kml/paddle/Q-lv.png</href>
			</ItemIcon>
		</ListStyle>
	</Style>
	<Style id="sn_R">
		<IconStyle>
			<scale>1.1</scale>
			<Icon>
				<href>http://maps.google.com/mapfiles/kml/paddle/R.png</href>
			</Icon>
			<hotSpot x="32" y="1" xunits="pixels" yunits="pixels"/>
		</IconStyle>
		<LabelStyle>
			<color>ff00ffff</color>
			<scale>0.7</scale>
		</LabelStyle>
		<ListStyle>
			<ItemIcon>
				<href>http://maps.google.com/mapfiles/kml/paddle/R-lv.png</href>
			</ItemIcon>
		</ListStyle>
	</Style>
	<Style id="sn_R0">
		<IconStyle>
			<color>ff00ffff</color>
			<Icon>
				<href>http://maps.google.com/mapfiles/kml/paddle/R.png</href>
			</Icon>
			<hotSpot x="32" y="1" xunits="pixels" yunits="pixels"/>
		</IconStyle>
		<LabelStyle>
			<color>ff00ffff</color>
			<scale>0.7</scale>
		</LabelStyle>
		<ListStyle>
			<ItemIcon>
				<href>http://maps.google.com/mapfiles/kml/paddle/R-lv.png</href>
			</ItemIcon>
		</ListStyle>
	</Style>
	<Style id="sn_S">
		<IconStyle>
			<scale>1.1</scale>
			<Icon>
				<href>http://maps.google.com/mapfiles/kml/paddle/S.png</href>
			</Icon>
			<hotSpot x="32" y="1" xunits="pixels" yunits="pixels"/>
		</IconStyle>
		<LabelStyle>
			<color>ff00ffff</color>
			<scale>0.7</scale>
		</LabelStyle>
		<ListStyle>
			<ItemIcon>
				<href>http://maps.google.com/mapfiles/kml/paddle/S-lv.png</href>
			</ItemIcon>
		</ListStyle>
	</Style>
	<Style id="sn_S0">
		<IconStyle>
			<color>ff00ffff</color>
			<Icon>
				<href>http://maps.google.com/mapfiles/kml/paddle/S.png</href>
			</Icon>
			<hotSpot x="32" y="1" xunits="pixels" yunits="pixels"/>
		</IconStyle>
		<LabelStyle>
			<color>ff00ffff</color>
			<scale>0.7</scale>
		</LabelStyle>
		<ListStyle>
			<ItemIcon>
				<href>http://maps.google.com/mapfiles/kml/paddle/S-lv.png</href>
			</ItemIcon>
		</ListStyle>
	</Style>
	<Style id="sn_S1">
		<IconStyle>
			<scale>1.1</scale>
			<Icon>
				<href>http://maps.google.com/mapfiles/kml/paddle/S.png</href>
			</Icon>
			<hotSpot x="32" y="1" xunits="pixels" yunits="pixels"/>
		</IconStyle>
		<LabelStyle>
			<color>ff00ffff</color>
			<scale>0.7</scale>
		</LabelStyle>
		<ListStyle>
			<ItemIcon>
				<href>http://maps.google.com/mapfiles/kml/paddle/S-lv.png</href>
			</ItemIcon>
		</ListStyle>
	</Style>
	<Style id="sn_S2">
		<IconStyle>
			<scale>1.1</scale>
			<Icon>
				<href>http://maps.google.com/mapfiles/kml/paddle/S.png</href>
			</Icon>
			<hotSpot x="32" y="1" xunits="pixels" yunits="pixels"/>
		</IconStyle>
		<LabelStyle>
			<color>ff00ffff</color>
			<scale>0.7</scale>
		</LabelStyle>
		<ListStyle>
			<ItemIcon>
				<href>http://maps.google.com/mapfiles/kml/paddle/S-lv.png</href>
			</ItemIcon>
		</ListStyle>
	</Style>
	<Style id="sn_T">
		<IconStyle>
			<scale>1.1</scale>
			<Icon>
				<href>http://maps.google.com/mapfiles/kml/paddle/T.png</href>
			</Icon>
			<hotSpot x="32" y="1" xunits="pixels" yunits="pixels"/>
		</IconStyle>
		<LabelStyle>
			<color>ff00ffff</color>
			<scale>0.7</scale>
		</LabelStyle>
		<ListStyle>
			<ItemIcon>
				<href>http://maps.google.com/mapfiles/kml/paddle/T-lv.png</href>
			</ItemIcon>
		</ListStyle>
	</Style>
	<Style id="sn_T0">
		<IconStyle>
			<scale>1.1</scale>
			<Icon>
				<href>http://maps.google.com/mapfiles/kml/paddle/T.png</href>
			</Icon>
			<hotSpot x="32" y="1" xunits="pixels" yunits="pixels"/>
		</IconStyle>
		<LabelStyle>
			<color>ff00ffff</color>
			<scale>0.7</scale>
		</LabelStyle>
		<ListStyle>
			<ItemIcon>
				<href>http://maps.google.com/mapfiles/kml/paddle/T-lv.png</href>
			</ItemIcon>
		</ListStyle>
	</Style>
	<Style id="sn_T1">
		<IconStyle>
			<Icon>
				<href>http://maps.google.com/mapfiles/kml/paddle/T.png</href>
			</Icon>
			<hotSpot x="32" y="1" xunits="pixels" yunits="pixels"/>
		</IconStyle>
		<LabelStyle>
			<color>ff00ffff</color>
			<scale>0.7</scale>
		</LabelStyle>
		<ListStyle>
			<ItemIcon>
				<href>http://maps.google.com/mapfiles/kml/paddle/T-lv.png</href>
			</ItemIcon>
		</ListStyle>
	</Style>
	<Style id="sn_T10">
		<IconStyle>
			<scale>1.1</scale>
			<Icon>
				<href>http://maps.google.com/mapfiles/kml/paddle/T.png</href>
			</Icon>
			<hotSpot x="32" y="1" xunits="pixels" yunits="pixels"/>
		</IconStyle>
		<LabelStyle>
			<color>ff00ffff</color>
			<scale>0.7</scale>
		</LabelStyle>
		<ListStyle>
			<ItemIcon>
				<href>http://maps.google.com/mapfiles/kml/paddle/T-lv.png</href>
			</ItemIcon>
		</ListStyle>
	</Style>
	<Style id="sn_T11">
		<IconStyle>
			<scale>1.1</scale>
			<Icon>
				<href>http://maps.google.com/mapfiles/kml/paddle/T.png</href>
			</Icon>
			<hotSpot x="32" y="1" xunits="pixels" yunits="pixels"/>
		</IconStyle>
		<LabelStyle>
			<color>ff00ffff</color>
			<scale>0.7</scale>
		</LabelStyle>
		<ListStyle>
			<ItemIcon>
				<href>http://maps.google.com/mapfiles/kml/paddle/T-lv.png</href>
			</ItemIcon>
		</ListStyle>
	</Style>
	<Style id="sn_T2">
		<IconStyle>
			<scale>1.1</scale>
			<Icon>
				<href>http://maps.google.com/mapfiles/kml/paddle/T.png</href>
			</Icon>
			<hotSpot x="32" y="1" xunits="pixels" yunits="pixels"/>
		</IconStyle>
		<LabelStyle>
			<color>ff00ffff</color>
			<scale>0.7</scale>
		</LabelStyle>
		<ListStyle>
			<ItemIcon>
				<href>http://maps.google.com/mapfiles/kml/paddle/T-lv.png</href>
			</ItemIcon>
		</ListStyle>
	</Style>
	<Style id="sn_T3">
		<IconStyle>
			<color>ff00ffff</color>
			<Icon>
				<href>http://maps.google.com/mapfiles/kml/paddle/T.png</href>
			</Icon>
			<hotSpot x="32" y="1" xunits="pixels" yunits="pixels"/>
		</IconStyle>
		<LabelStyle>
			<color>ff00ffff</color>
			<scale>0.7</scale>
		</LabelStyle>
		<ListStyle>
			<ItemIcon>
				<href>http://maps.google.com/mapfiles/kml/paddle/T-lv.png</href>
			</ItemIcon>
		</ListStyle>
	</Style>
	<Style id="sn_T4">
		<IconStyle>
			<scale>0.7</scale>
			<Icon>
				<href>http://maps.google.com/mapfiles/kml/paddle/T.png</href>
			</Icon>
			<hotSpot x="32" y="1" xunits="pixels" yunits="pixels"/>
		</IconStyle>
		<LabelStyle>
			<color>ff00ffff</color>
			<scale>0.7</scale>
		</LabelStyle>
		<ListStyle>
			<ItemIcon>
				<href>http://maps.google.com/mapfiles/kml/paddle/T-lv.png</href>
			</ItemIcon>
		</ListStyle>
	</Style>
	<Style id="sn_U">
		<IconStyle>
			<color>ff00ffff</color>
			<Icon>
				<href>http://maps.google.com/mapfiles/kml/paddle/U.png</href>
			</Icon>
			<hotSpot x="32" y="1" xunits="pixels" yunits="pixels"/>
		</IconStyle>
		<LabelStyle>
			<color>ff00ffff</color>
			<scale>0.7</scale>
		</LabelStyle>
		<ListStyle>
			<ItemIcon>
				<href>http://maps.google.com/mapfiles/kml/paddle/U-lv.png</href>
			</ItemIcon>
		</ListStyle>
	</Style>
	<Style id="sn_U0">
		<IconStyle>
			<scale>1.1</scale>
			<Icon>
				<href>http://maps.google.com/mapfiles/kml/paddle/U.png</href>
			</Icon>
			<hotSpot x="32" y="1" xunits="pixels" yunits="pixels"/>
		</IconStyle>
		<LabelStyle>
			<color>ff00ffff</color>
			<scale>0.7</scale>
		</LabelStyle>
		<ListStyle>
			<ItemIcon>
				<href>http://maps.google.com/mapfiles/kml/paddle/U-lv.png</href>
			</ItemIcon>
		</ListStyle>
	</Style>
	<Style id="sn_V">
		<IconStyle>
			<color>ff00ffff</color>
			<Icon>
				<href>http://maps.google.com/mapfiles/kml/paddle/V.png</href>
			</Icon>
			<hotSpot x="32" y="1" xunits="pixels" yunits="pixels"/>
		</IconStyle>
		<LabelStyle>
			<color>ff00ffff</color>
			<scale>0.7</scale>
		</LabelStyle>
		<ListStyle>
			<ItemIcon>
				<href>http://maps.google.com/mapfiles/kml/paddle/V-lv.png</href>
			</ItemIcon>
		</ListStyle>
	</Style>
	<Style id="sn_W">
		<IconStyle>
			<scale>1.1</scale>
			<Icon>
				<href>http://maps.google.com/mapfiles/kml/paddle/W.png</href>
			</Icon>
			<hotSpot x="32" y="1" xunits="pixels" yunits="pixels"/>
		</IconStyle>
		<LabelStyle>
			<color>ff00ffff</color>
			<scale>0.7</scale>
		</LabelStyle>
		<ListStyle>
			<ItemIcon>
				<href>http://maps.google.com/mapfiles/kml/paddle/W-lv.png</href>
			</ItemIcon>
		</ListStyle>
	</Style>
	<Style id="sn_X">
		<IconStyle>
			<scale>1.1</scale>
			<Icon>
				<href>http://maps.google.com/mapfiles/kml/paddle/X.png</href>
			</Icon>
			<hotSpot x="32" y="1" xunits="pixels" yunits="pixels"/>
		</IconStyle>
		<LabelStyle>
			<color>ff00ffff</color>
			<scale>0.7</scale>
		</LabelStyle>
		<ListStyle>
			<ItemIcon>
				<href>http://maps.google.com/mapfiles/kml/paddle/X-lv.png</href>
			</ItemIcon>
		</ListStyle>
	</Style>
	<Style id="sn_Y">
		<IconStyle>
			<scale>1.1</scale>
			<Icon>
				<href>http://maps.google.com/mapfiles/kml/paddle/Y.png</href>
			</Icon>
			<hotSpot x="32" y="1" xunits="pixels" yunits="pixels"/>
		</IconStyle>
		<LabelStyle>
			<color>ff00ffff</color>
			<scale>0.7</scale>
		</LabelStyle>
		<ListStyle>
			<ItemIcon>
				<href>http://maps.google.com/mapfiles/kml/paddle/Y-lv.png</href>
			</ItemIcon>
		</ListStyle>
	</Style>
	<Folder>
		<name>NODES</name>
		<Placemark>
			<name>CNTAA</name>
			<LookAt>
				<longitude>-53.79252448532125</longitude>
				<latitude>-29.68481299322205</latitude>
				<altitude>0</altitude>
				<heading>-0.03219553641698483</heading>
				<tilt>30.00045691132282</tilt>
				<range>101.4188109718329</range>
				<gx:altitudeMode>relativeToSeaFloor</gx:altitudeMode>
			</LookAt>
			<styleUrl>#msn_B1</styleUrl>
			<Point>
				<coordinates>-53.79251073196343,-29.68489307070928,0</coordinates>
			</Point>
		</Placemark>
		<Placemark>
			<name>CNTAB</name>
			<LookAt>
				<longitude>-53.78791791425381</longitude>
				<latitude>-29.68729796498899</latitude>
				<altitude>0</altitude>
				<heading>0.9618648532178913</heading>
				<tilt>30.01397064038008</tilt>
				<range>3110.409499635788</range>
				<gx:altitudeMode>relativeToSeaFloor</gx:altitudeMode>
			</LookAt>
			<styleUrl>#msn_C</styleUrl>
			<Point>
				<coordinates>-53.79165966853973,-29.69004793201811,0</coordinates>
			</Point>
		</Placemark>
		<Placemark>
			<name>CMBAK</name>
			<LookAt>
				<longitude>-53.74913082332784</longitude>
				<latitude>-29.69439520674958</latitude>
				<altitude>0</altitude>
				<heading>0.01197374699519982</heading>
				<tilt>0</tilt>
				<range>402.2640929593504</range>
				<gx:altitudeMode>relativeToSeaFloor</gx:altitudeMode>
			</LookAt>
			<styleUrl>#msn_P00</styleUrl>
			<Point>
				<coordinates>-53.7493065895638,-29.69416478072942,0</coordinates>
			</Point>
		</Placemark>
		<Placemark>
			<name>CMBAI</name>
			<LookAt>
				<longitude>-53.73805054214068</longitude>
				<latitude>-29.70915823716532</latitude>
				<altitude>0</altitude>
				<heading>0.008307373107533563</heading>
				<tilt>0</tilt>
				<range>229.0694361577783</range>
				<gx:altitudeMode>relativeToSeaFloor</gx:altitudeMode>
			</LookAt>
			<styleUrl>#msn_N0</styleUrl>
			<Point>
				<coordinates>-53.73814742624912,-29.70908587726296,0</coordinates>
			</Point>
		</Placemark>
		<Placemark>
			<name>CMBAN</name>
			<LookAt>
				<longitude>-53.73510281570702</longitude>
				<latitude>-29.69858960562161</latitude>
				<altitude>0</altitude>
				<heading>0.008315593624276543</heading>
				<tilt>0</tilt>
				<range>128.5241186738231</range>
				<gx:altitudeMode>relativeToSeaFloor</gx:altitudeMode>
			</LookAt>
			<styleUrl>#msn_W</styleUrl>
			<Point>
				<coordinates>-53.73520901187234,-29.69855219275726,0</coordinates>
			</Point>
		</Placemark>
		<Placemark>
			<name>CMBAB</name>
			<LookAt>
				<longitude>-53.71811804654905</longitude>
				<latitude>-29.69907338900718</latitude>
				<altitude>0</altitude>
				<heading>-5.889156686434773</heading>
				<tilt>0</tilt>
				<range>583.1996228547149</range>
				<gx:altitudeMode>relativeToSeaFloor</gx:altitudeMode>
			</LookAt>
			<styleUrl>#msn_A3</styleUrl>
			<Point>
				<coordinates>-53.71917963243199,-29.69898291113517,0</coordinates>
			</Point>
		</Placemark>
		<Placemark>
			<name>TMZAA</name>
			<LookAt>
				<longitude>-53.80415680701544</longitude>
				<latitude>-29.71717718696716</latitude>
				<altitude>0</altitude>
				<heading>0.8869021117683782</heading>
				<tilt>0</tilt>
				<range>371.7025131254138</range>
				<gx:altitudeMode>relativeToSeaFloor</gx:altitudeMode>
			</LookAt>
			<styleUrl>#msn_G0</styleUrl>
			<Point>
				<coordinates>-53.80439155985972,-29.71684520858835,0</coordinates>
			</Point>
		</Placemark>
		<Placemark>
			<name>TMZAG</name>
			<LookAt>
				<longitude>-53.81313664678125</longitude>
				<latitude>-29.71793827413985</latitude>
				<altitude>0</altitude>
				<heading>-5.085449337631533</heading>
				<tilt>7.834190134632303</tilt>
				<range>208.3447271406118</range>
				<gx:altitudeMode>relativeToSeaFloor</gx:altitudeMode>
			</LookAt>
			<styleUrl>#msn_T4</styleUrl>
			<Point>
				<coordinates>-53.81330208556216,-29.71787735912007,0</coordinates>
			</Point>
		</Placemark>
		<Placemark>
			<name>CMBAC</name>
			<LookAt>
				<longitude>-53.72217057950886</longitude>
				<latitude>-29.70357155732346</latitude>
				<altitude>0</altitude>
				<heading>-0.0002635718128388725</heading>
				<tilt>0</tilt>
				<range>325.5726802609757</range>
				<gx:altitudeMode>relativeToSeaFloor</gx:altitudeMode>
			</LookAt>
			<styleUrl>#msn_A</styleUrl>
			<Point>
				<coordinates>-53.72219236627667,-29.70393955186718,0</coordinates>
			</Point>
		</Placemark>
		<Placemark>
			<name>CMBAE</name>
			<LookAt>
				<longitude>-53.72068424979965</longitude>
				<latitude>-29.70648008691215</latitude>
				<altitude>0</altitude>
				<heading>-0.001089504949046735</heading>
				<tilt>0</tilt>
				<range>234.8081998794048</range>
				<gx:altitudeMode>relativeToSeaFloor</gx:altitudeMode>
			</LookAt>
			<styleUrl>#msn_A</styleUrl>
			<Point>
				<coordinates>-53.72045553167101,-29.70672119730704,0</coordinates>
			</Point>
		</Placemark>
		<Placemark>
			<name>CMBAD</name>
			<LookAt>
				<longitude>-53.72798065371014</longitude>
				<latitude>-29.71124925265356</latitude>
				<altitude>0</altitude>
				<heading>-0.0001266195256593389</heading>
				<tilt>0</tilt>
				<range>369.4750365791704</range>
				<gx:altitudeMode>relativeToSeaFloor</gx:altitudeMode>
			</LookAt>
			<styleUrl>#msn_A</styleUrl>
			<Point>
				<coordinates>-53.72831356546504,-29.71090753525766,0</coordinates>
			</Point>
		</Placemark>
		<Placemark>
			<name>CMBAH</name>
			<LookAt>
				<longitude>-53.72882329056743</longitude>
				<latitude>-29.71356544435805</latitude>
				<altitude>0</altitude>
				<heading>0.0002910093129381405</heading>
				<tilt>0</tilt>
				<range>366.7443392114751</range>
				<gx:altitudeMode>relativeToSeaFloor</gx:altitudeMode>
			</LookAt>
			<styleUrl>#msn_M000</styleUrl>
			<Point>
				<coordinates>-53.72901091852533,-29.7139362249394,0</coordinates>
			</Point>
		</Placemark>
		<Placemark>
			<name>CMBAF</name>
			<LookAt>
				<longitude>-53.71073407999054</longitude>
				<latitude>-29.69932156312889</latitude>
				<altitude>0</altitude>
				<heading>-0.008480463095796035</heading>
				<tilt>0</tilt>
				<range>353.8370976343679</range>
				<gx:altitudeMode>relativeToSeaFloor</gx:altitudeMode>
			</LookAt>
			<styleUrl>#msn_A00</styleUrl>
			<Point>
				<coordinates>-53.71055213848328,-29.69931008722524,0</coordinates>
			</Point>
		</Placemark>
		<Placemark>
			<name>CMBAM</name>
			<LookAt>
				<longitude>-53.70104912956744</longitude>
				<latitude>-29.70421269036154</latitude>
				<altitude>0</altitude>
				<heading>-0.007245291358567869</heading>
				<tilt>0</tilt>
				<range>377.9040511942355</range>
				<gx:altitudeMode>relativeToSeaFloor</gx:altitudeMode>
			</LookAt>
			<styleUrl>#msn_T30</styleUrl>
			<Point>
				<coordinates>-53.70191135983327,-29.70461532651462,0</coordinates>
			</Point>
		</Placemark>
		<Placemark>
			<name>CMBAG</name>
			<LookAt>
				<longitude>-53.71302445126823</longitude>
				<latitude>-29.70695151353942</latitude>
				<altitude>0</altitude>
				<heading>-0.001311346606397264</heading>
				<tilt>0</tilt>
				<range>371.6874688632731</range>
				<gx:altitudeMode>relativeToSeaFloor</gx:altitudeMode>
			</LookAt>
			<styleUrl>#msn_A2</styleUrl>
			<Point>
				<coordinates>-53.71340864910512,-29.70704514998381,0</coordinates>
			</Point>
		</Placemark>
		<Placemark>
			<name>CNTAU</name>
			<LookAt>
				<longitude>-53.82561442878613</longitude>
				<latitude>-29.70052398396368</latitude>
				<altitude>0</altitude>
				<heading>-3.507617917070033</heading>
				<tilt>2.348865641612349</tilt>
				<range>151.5093115754118</range>
				<gx:altitudeMode>relativeToSeaFloor</gx:altitudeMode>
			</LookAt>
			<styleUrl>#msn_P10</styleUrl>
			<Point>
				<coordinates>-53.82533561764645,-29.70053290518871,0</coordinates>
			</Point>
		</Placemark>
		<Placemark>
			<name>CNTAWA</name>
			<LookAt>
				<longitude>-53.82411893516333</longitude>
				<latitude>-29.70109065237778</latitude>
				<altitude>0</altitude>
				<heading>-3.508358886885385</heading>
				<tilt>2.349392814761118</tilt>
				<range>151.8518600300598</range>
				<gx:altitudeMode>relativeToSeaFloor</gx:altitudeMode>
			</LookAt>
			<styleUrl>#msn_P0</styleUrl>
			<Point>
				<coordinates>-53.82372724062714,-29.70126649971457,0</coordinates>
			</Point>
		</Placemark>
		<Placemark>
			<name>CNTAS</name>
			<LookAt>
				<longitude>-53.81844602011289</longitude>
				<latitude>-29.69479425401353</latitude>
				<altitude>0</altitude>
				<heading>-0.002712352336712692</heading>
				<tilt>0</tilt>
				<range>188.9129358696374</range>
				<gx:altitudeMode>relativeToSeaFloor</gx:altitudeMode>
			</LookAt>
			<styleUrl>#msn_N</styleUrl>
			<Point>
				<coordinates>-53.81829508717956,-29.69450457851119,0</coordinates>
			</Point>
		</Placemark>
		<Placemark>
			<name>CNTAT</name>
			<LookAt>
				<longitude>-53.81346445707712</longitude>
				<latitude>-29.69822901766922</latitude>
				<altitude>0</altitude>
				<heading>-0.005184476191845599</heading>
				<tilt>5.844065544826967</tilt>
				<range>282.6625771218073</range>
				<gx:altitudeMode>relativeToSeaFloor</gx:altitudeMode>
			</LookAt>
			<styleUrl>#msn_O0</styleUrl>
			<Point>
				<coordinates>-53.81298220146449,-29.69799173996637,0</coordinates>
			</Point>
		</Placemark>
		<Placemark>
			<name>CNTAX</name>
			<LookAt>
				<longitude>-53.81099308269771</longitude>
				<latitude>-29.69551682415428</latitude>
				<altitude>0</altitude>
				<heading>-1.679453142109346</heading>
				<tilt>20.52289324571374</tilt>
				<range>375.018020088841</range>
				<gx:altitudeMode>relativeToSeaFloor</gx:altitudeMode>
			</LookAt>
			<styleUrl>#msn_Q</styleUrl>
			<Point>
				<coordinates>-53.8106739959148,-29.69464366781303,0</coordinates>
			</Point>
		</Placemark>
		<Placemark>
			<name>CNTBG</name>
			<LookAt>
				<longitude>-53.8115478272989</longitude>
				<latitude>-29.69313688247354</latitude>
				<altitude>0</altitude>
				<heading>-0.006133923844411113</heading>
				<tilt>5.844660181215387</tilt>
				<range>263.0062547713279</range>
				<gx:altitudeMode>relativeToSeaFloor</gx:altitudeMode>
			</LookAt>
			<styleUrl>#msn_Y</styleUrl>
			<Point>
				<coordinates>-53.81147235888191,-29.69243520157922,0</coordinates>
			</Point>
		</Placemark>
		<Placemark>
			<name>CNTAQ</name>
			<LookAt>
				<longitude>-53.80558133661717</longitude>
				<latitude>-29.70376296655634</latitude>
				<altitude>0</altitude>
				<heading>-0.009473379382698519</heading>
				<tilt>5.849481723754643</tilt>
				<range>130.6408610287792</range>
				<gx:altitudeMode>relativeToSeaFloor</gx:altitudeMode>
			</LookAt>
			<styleUrl>#msn_M00</styleUrl>
			<Point>
				<coordinates>-53.80556609969371,-29.70374222710823,0</coordinates>
			</Point>
		</Placemark>
		<Placemark>
			<name>CNTAI</name>
			<LookAt>
				<longitude>-53.80526745415995</longitude>
				<latitude>-29.70616867814959</latitude>
				<altitude>0</altitude>
				<heading>-0.00962890886922582</heading>
				<tilt>5.850092713885705</tilt>
				<range>128.3462862321335</range>
				<gx:altitudeMode>relativeToSeaFloor</gx:altitudeMode>
			</LookAt>
			<styleUrl>#msn_F1</styleUrl>
			<Point>
				<coordinates>-53.80568423629066,-29.70623878535837,0</coordinates>
			</Point>
		</Placemark>
		<Placemark>
			<name>CNTAN</name>
			<LookAt>
				<longitude>-53.80289093170563</longitude>
				<latitude>-29.69238049757801</latitude>
				<altitude>0</altitude>
				<heading>-0.009142047821761189</heading>
				<tilt>0.5327621488931462</tilt>
				<range>202.872573929318</range>
				<gx:altitudeMode>relativeToSeaFloor</gx:altitudeMode>
			</LookAt>
			<styleUrl>#msn_J0</styleUrl>
			<Point>
				<coordinates>-53.80269038520008,-29.69219729066781,0</coordinates>
			</Point>
		</Placemark>
		<Placemark>
			<name>CNTAM</name>
			<LookAt>
				<longitude>-53.80533356410846</longitude>
				<latitude>-29.69024784760085</latitude>
				<altitude>0</altitude>
				<heading>-0.007978999033774319</heading>
				<tilt>0.5329946036600567</tilt>
				<range>120.87350403464</range>
				<gx:altitudeMode>relativeToSeaFloor</gx:altitudeMode>
			</LookAt>
			<styleUrl>#msn_I</styleUrl>
			<Point>
				<coordinates>-53.80523036406727,-29.69028360335797,0</coordinates>
			</Point>
		</Placemark>
		<Placemark>
			<name>CNTAL</name>
			<LookAt>
				<longitude>-53.8056444767066</longitude>
				<latitude>-29.68892466974369</latitude>
				<altitude>0</altitude>
				<heading>-0.007825009907795244</heading>
				<tilt>0.5329951221465434</tilt>
				<range>127.0776795316645</range>
				<gx:altitudeMode>relativeToSeaFloor</gx:altitudeMode>
			</LookAt>
			<styleUrl>#msn_H0</styleUrl>
			<Point>
				<coordinates>-53.80567039105044,-29.68879533676648,0</coordinates>
			</Point>
		</Placemark>
		<Placemark>
			<name>CNTAE</name>
			<LookAt>
				<longitude>-53.79832795142546</longitude>
				<latitude>-29.69606222462745</latitude>
				<altitude>0</altitude>
				<heading>-0.01155690272667432</heading>
				<tilt>0.5332595249156055</tilt>
				<range>203.1328766663168</range>
				<gx:altitudeMode>relativeToSeaFloor</gx:altitudeMode>
			</LookAt>
			<styleUrl>#msn_E</styleUrl>
			<Point>
				<coordinates>-53.79793442737331,-29.69621091167734,0</coordinates>
			</Point>
		</Placemark>
		<Placemark>
			<name>CNTAG</name>
			<LookAt>
				<longitude>-53.79420188303926</longitude>
				<latitude>-29.69934625582343</latitude>
				<altitude>0</altitude>
				<heading>-0.01359515947798649</heading>
				<tilt>3.112691806804768</tilt>
				<range>184.3630938520353</range>
				<gx:altitudeMode>relativeToSeaFloor</gx:altitudeMode>
			</LookAt>
			<styleUrl>#msn_E</styleUrl>
			<Point>
				<coordinates>-53.79377892273776,-29.69924550625266,0</coordinates>
			</Point>
		</Placemark>
		<Placemark>
			<name>CNTAF</name>
			<LookAt>
				<longitude>-53.79927169029291</longitude>
				<latitude>-29.69254851038745</latitude>
				<altitude>0</altitude>
				<heading>-0.330541740953764</heading>
				<tilt>0.01472740296085489</tilt>
				<range>322.7169028257775</range>
				<gx:altitudeMode>relativeToSeaFloor</gx:altitudeMode>
			</LookAt>
			<styleUrl>#msn_E</styleUrl>
			<Point>
				<coordinates>-53.79834598204166,-29.69242076826417,0</coordinates>
			</Point>
		</Placemark>
		<Placemark>
			<name>CNTBA</name>
			<LookAt>
				<longitude>-53.81885486415253</longitude>
				<latitude>-29.69048177754105</latitude>
				<altitude>0</altitude>
				<heading>-0.001819427246663084</heading>
				<tilt>0</tilt>
				<range>97.08889830762564</range>
				<gx:altitudeMode>relativeToSeaFloor</gx:altitudeMode>
			</LookAt>
			<styleUrl>#msn_T3</styleUrl>
			<Point>
				<coordinates>-53.81879783245591,-29.69045266814446,0</coordinates>
			</Point>
		</Placemark>
		<Placemark>
			<name>CNTBC</name>
			<LookAt>
				<longitude>-53.82202467370646</longitude>
				<latitude>-29.69009937388353</latitude>
				<altitude>0</altitude>
				<heading>0.01361424339541662</heading>
				<tilt>0</tilt>
				<range>258.5293551058623</range>
				<gx:altitudeMode>relativeToSeaFloor</gx:altitudeMode>
			</LookAt>
			<styleUrl>#msn_U</styleUrl>
			<Point>
				<coordinates>-53.82101716964754,-29.68953253611585,0</coordinates>
			</Point>
		</Placemark>
		<Placemark>
			<name>CNTAO</name>
			<LookAt>
				<longitude>-53.8126101360297</longitude>
				<latitude>-29.69046114130438</latitude>
				<altitude>0</altitude>
				<heading>-0.004382988295676127</heading>
				<tilt>0</tilt>
				<range>466.2298638204628</range>
				<gx:altitudeMode>relativeToSeaFloor</gx:altitudeMode>
			</LookAt>
			<styleUrl>#msn_K</styleUrl>
			<Point>
				<coordinates>-53.81267824855549,-29.68998511675668,0</coordinates>
			</Point>
		</Placemark>
		<Placemark>
			<name>CNTBH</name>
			<LookAt>
				<longitude>-53.81268872609653</longitude>
				<latitude>-29.68659833028187</latitude>
				<altitude>0</altitude>
				<heading>-0.003984896538428429</heading>
				<tilt>12.90944372011536</tilt>
				<range>193.5328562914448</range>
				<gx:altitudeMode>relativeToSeaFloor</gx:altitudeMode>
			</LookAt>
			<styleUrl>#msn_S00</styleUrl>
			<Point>
				<coordinates>-53.81299198166376,-29.68677917075019,0</coordinates>
			</Point>
		</Placemark>
		<Placemark>
			<name>CNTBD</name>
			<LookAt>
				<longitude>-53.81740459966879</longitude>
				<latitude>-29.68296358443857</latitude>
				<altitude>0</altitude>
				<heading>0.001169627845862038</heading>
				<tilt>13.81977418266239</tilt>
				<range>102.6754643453638</range>
				<gx:altitudeMode>relativeToSeaFloor</gx:altitudeMode>
			</LookAt>
			<styleUrl>#msn_V</styleUrl>
			<Point>
				<coordinates>-53.81737700389878,-29.68289357923077,0</coordinates>
			</Point>
		</Placemark>
		<Placemark>
			<name>CNTAY</name>
			<LookAt>
				<longitude>-53.81027827678487</longitude>
				<latitude>-29.68494520785901</latitude>
				<altitude>0</altitude>
				<heading>-0.002529623366023955</heading>
				<tilt>16.01804373227201</tilt>
				<range>114.1114428514458</range>
				<gx:altitudeMode>relativeToSeaFloor</gx:altitudeMode>
			</LookAt>
			<styleUrl>#msn_R0</styleUrl>
			<Point>
				<coordinates>-53.81032405619372,-29.68479971811659,0</coordinates>
			</Point>
		</Placemark>
		<Placemark>
			<name>CNTAJ</name>
			<LookAt>
				<longitude>-53.80536988938287</longitude>
				<latitude>-29.68524256244071</latitude>
				<altitude>0</altitude>
				<heading>-0.00220775356613938</heading>
				<tilt>0</tilt>
				<range>139.3176855333349</range>
				<gx:altitudeMode>relativeToSeaFloor</gx:altitudeMode>
			</LookAt>
			<styleUrl>#msn_G1</styleUrl>
			<Point>
				<coordinates>-53.80520338882999,-29.68535595076832,0</coordinates>
			</Point>
		</Placemark>
		<Placemark>
			<name>CNTAC</name>
			<LookAt>
				<longitude>-53.80089652533176</longitude>
				<latitude>-29.68273879125596</latitude>
				<altitude>0</altitude>
				<heading>-0.01190460814670889</heading>
				<tilt>0</tilt>
				<range>102.8346159821629</range>
				<gx:altitudeMode>relativeToSeaFloor</gx:altitudeMode>
			</LookAt>
			<styleUrl>#msn_D0</styleUrl>
			<Point>
				<coordinates>-53.80070928443682,-29.68285781442578,0</coordinates>
			</Point>
		</Placemark>
		<Placemark>
			<name>CNTAHA</name>
			<LookAt>
				<longitude>-53.80661226815723</longitude>
				<latitude>-29.68159678615776</latitude>
				<altitude>0</altitude>
				<heading>-9.814237580591972e-11</heading>
				<tilt>0</tilt>
				<range>105.0342833472809</range>
				<gx:altitudeMode>relativeToSeaFloor</gx:altitudeMode>
			</LookAt>
			<styleUrl>#msn_F00</styleUrl>
			<Point>
				<coordinates>-53.80661072256332,-29.6815679165957,0</coordinates>
			</Point>
		</Placemark>
		<Placemark>
			<name>CNTAPA</name>
			<LookAt>
				<longitude>-53.8123977676448</longitude>
				<latitude>-29.68036617438076</latitude>
				<altitude>0</altitude>
				<heading>2.616015767167787e-08</heading>
				<tilt>0</tilt>
				<range>152.2163944783156</range>
				<gx:altitudeMode>relativeToSeaFloor</gx:altitudeMode>
			</LookAt>
			<styleUrl>#msn_L</styleUrl>
			<Point>
				<coordinates>-53.81241345206247,-29.68038466762754,0</coordinates>
			</Point>
		</Placemark>
		<Placemark>
			<name>ITRAD</name>
			<LookAt>
				<longitude>-53.80902471361953</longitude>
				<latitude>-29.67408972103072</latitude>
				<altitude>0</altitude>
				<heading>2.303484922503137e-10</heading>
				<tilt>0</tilt>
				<range>95.44638620936841</range>
				<gx:altitudeMode>relativeToSeaFloor</gx:altitudeMode>
			</LookAt>
			<styleUrl>#msn_C0</styleUrl>
			<Point>
				<coordinates>-53.8090864417923,-29.67406960867917,0</coordinates>
			</Point>
		</Placemark>
		<Placemark>
			<name>ITRAC</name>
			<LookAt>
				<longitude>-53.81134677481718</longitude>
				<latitude>-29.66836589771857</latitude>
				<altitude>0</altitude>
				<heading>0.00114946496578237</heading>
				<tilt>0</tilt>
				<range>335.298005001277</range>
				<gx:altitudeMode>relativeToSeaFloor</gx:altitudeMode>
			</LookAt>
			<styleUrl>#msn_C1</styleUrl>
			<Point>
				<coordinates>-53.81127735040673,-29.66871279615877,0</coordinates>
			</Point>
		</Placemark>
		<Placemark>
			<name>ITRAB</name>
			<LookAt>
				<longitude>-53.79762942683011</longitude>
				<latitude>-29.67374840474223</latitude>
				<altitude>0</altitude>
				<heading>-0.0008387388945435264</heading>
				<tilt>0</tilt>
				<range>126.9714394794076</range>
				<gx:altitudeMode>relativeToSeaFloor</gx:altitudeMode>
			</LookAt>
			<styleUrl>#msn_B00</styleUrl>
			<Point>
				<coordinates>-53.79772257360996,-29.67367961502535,0</coordinates>
			</Point>
		</Placemark>
		<Placemark>
			<name>ITRAA</name>
			<LookAt>
				<longitude>-53.79428838751378</longitude>
				<latitude>-29.67791960931854</latitude>
				<altitude>0</altitude>
				<heading>-0.005161555562234743</heading>
				<tilt>0</tilt>
				<range>268.5141351867762</range>
				<gx:altitudeMode>relativeToSeaFloor</gx:altitudeMode>
			</LookAt>
			<styleUrl>#msn_B0</styleUrl>
			<Point>
				<coordinates>-53.79455536349671,-29.67770304307831,0</coordinates>
			</Point>
		</Placemark>
		<Placemark>
			<name>CNTAD</name>
			<LookAt>
				<longitude>-53.82019499355537</longitude>
				<latitude>-29.67712469186927</latitude>
				<altitude>0</altitude>
				<heading>0.001534192478262755</heading>
				<tilt>0</tilt>
				<range>305.7477976933309</range>
				<gx:altitudeMode>relativeToSeaFloor</gx:altitudeMode>
			</LookAt>
			<styleUrl>#msn_D</styleUrl>
			<Point>
				<coordinates>-53.82015905875701,-29.67726325339811,0</coordinates>
			</Point>
		</Placemark>
		<Placemark>
			<name>CNTAZ</name>
			<LookAt>
				<longitude>-53.82771094685595</longitude>
				<latitude>-29.67926403785892</latitude>
				<altitude>0</altitude>
				<heading>-18.84159832018052</heading>
				<tilt>23.45172252320319</tilt>
				<range>863.9792893758945</range>
				<gx:altitudeMode>relativeToSeaFloor</gx:altitudeMode>
			</LookAt>
			<styleUrl>#msn_S1</styleUrl>
			<Point>
				<altitudeMode>absolute</altitudeMode>
				<coordinates>-53.82979080953991,-29.67902335577274,91.10180180241562</coordinates>
			</Point>
		</Placemark>
		<Placemark>
			<name>TMZAC</name>
			<LookAt>
				<longitude>-53.78684707813404</longitude>
				<latitude>-29.72281833400902</latitude>
				<altitude>0</altitude>
				<heading>-3.147773961041746</heading>
				<tilt>28.70713816828468</tilt>
				<range>890.9420163774881</range>
				<gx:altitudeMode>relativeToSeaFloor</gx:altitudeMode>
			</LookAt>
			<styleUrl>#msn_M</styleUrl>
			<Point>
				<altitudeMode>absolute</altitudeMode>
				<coordinates>-53.789779073297,-29.7227004787208,117.4476617670691</coordinates>
			</Point>
		</Placemark>
		<Placemark>
			<name>TMZAF</name>
			<LookAt>
				<longitude>-53.80375180033093</longitude>
				<latitude>-29.7229885722808</latitude>
				<altitude>0</altitude>
				<heading>-0.004325014233475704</heading>
				<tilt>0</tilt>
				<range>846.5969645509228</range>
				<gx:altitudeMode>relativeToSeaFloor</gx:altitudeMode>
			</LookAt>
			<styleUrl>#msn_T00</styleUrl>
			<Point>
				<altitudeMode>absolute</altitudeMode>
				<coordinates>-53.80258832251306,-29.72503529843056,89.98910562217117</coordinates>
			</Point>
		</Placemark>
		<Placemark>
			<name>TMZAB</name>
			<LookAt>
				<longitude>-53.80644883636157</longitude>
				<latitude>-29.72632179841846</latitude>
				<altitude>0</altitude>
				<heading>-0.002987703696258913</heading>
				<tilt>0</tilt>
				<range>644.4153018125103</range>
				<gx:altitudeMode>relativeToSeaFloor</gx:altitudeMode>
			</LookAt>
			<styleUrl>#msn_L0</styleUrl>
			<Point>
				<altitudeMode>absolute</altitudeMode>
				<coordinates>-53.8066394932052,-29.72683845780676,83.37485295602193</coordinates>
			</Point>
		</Placemark>
		<Placemark>
			<name>TMZAI</name>
			<LookAt>
				<longitude>-53.82049004340155</longitude>
				<latitude>-29.71590262050573</latitude>
				<altitude>0</altitude>
				<heading>0.003972609312414798</heading>
				<tilt>0</tilt>
				<range>1066.063293965696</range>
				<gx:altitudeMode>relativeToSeaFloor</gx:altitudeMode>
			</LookAt>
			<styleUrl>#msn_U0</styleUrl>
			<Point>
				<altitudeMode>absolute</altitudeMode>
				<coordinates>-53.81959767215645,-29.71780229936294,72.71393401321224</coordinates>
			</Point>
		</Placemark>
		<Placemark>
			<name>TMZAH</name>
			<LookAt>
				<longitude>-53.82148395485439</longitude>
				<latitude>-29.712557517586</latitude>
				<altitude>0</altitude>
				<heading>0.004465293115410961</heading>
				<tilt>0</tilt>
				<range>1062.498495156774</range>
				<gx:altitudeMode>relativeToSeaFloor</gx:altitudeMode>
			</LookAt>
			<styleUrl>#msn_U0</styleUrl>
			<Point>
				<altitudeMode>absolute</altitudeMode>
				<coordinates>-53.82417438906115,-29.7127429328809,76.27852959328037</coordinates>
			</Point>
		</Placemark>
		<Placemark>
			<name>CNTAK</name>
			<LookAt>
				<longitude>-53.81278552192671</longitude>
				<latitude>-29.71240214648962</latitude>
				<altitude>0</altitude>
				<heading>-3.135354800828926</heading>
				<tilt>30.00591695266679</tilt>
				<range>1317.352750873128</range>
				<gx:altitudeMode>relativeToSeaFloor</gx:altitudeMode>
			</LookAt>
			<styleUrl>#msn_G</styleUrl>
			<Point>
				<altitudeMode>absolute</altitudeMode>
				<coordinates>-53.81374070377204,-29.71154414244755,80.08949443264085</coordinates>
			</Point>
		</Placemark>
		<Placemark>
			<name>CMBAL</name>
			<LookAt>
				<longitude>-53.75824451121628</longitude>
				<latitude>-29.70168328576182</latitude>
				<altitude>0</altitude>
				<heading>-3.162386318741264</heading>
				<tilt>30.00295165667116</tilt>
				<range>657.1470019333118</range>
				<gx:altitudeMode>relativeToSeaFloor</gx:altitudeMode>
			</LookAt>
			<styleUrl>#msn_S0</styleUrl>
			<Point>
				<altitudeMode>absolute</altitudeMode>
				<coordinates>-53.75863234479324,-29.70194118867589,126.7257664594465</coordinates>
			</Point>
		</Placemark>
		<Placemark>
			<name>JKBAC</name>
			<LookAt>
				<longitude>-53.8440500628655</longitude>
				<latitude>-29.6962590786138</latitude>
				<altitude>0</altitude>
				<heading>-0.0006226843866837294</heading>
				<tilt>0</tilt>
				<range>656.4841136613196</range>
				<gx:altitudeMode>relativeToSeaFloor</gx:altitudeMode>
			</LookAt>
			<styleUrl>#msn_J</styleUrl>
			<Point>
				<coordinates>-53.8440500628655,-29.6962590786138,0</coordinates>
			</Point>
		</Placemark>
		<Placemark>
			<name>JKBAB</name>
			<LookAt>
				<longitude>-53.8550623333169</longitude>
				<latitude>-29.6926208786545</latitude>
				<altitude>0</altitude>
				<heading>-0.0006226843866837294</heading>
				<tilt>0</tilt>
				<range>656.4841136613196</range>
				<gx:altitudeMode>relativeToSeaFloor</gx:altitudeMode>
			</LookAt>
			<styleUrl>#msn_J</styleUrl>
			<Point>
				<coordinates>-53.85506233331691,-29.6926208786545,0</coordinates>
			</Point>
		</Placemark>
		<Placemark>
			<name>JKBAF</name>
			<LookAt>
				<longitude>-53.8564150943898</longitude>
				<latitude>-29.6997511959581</latitude>
				<altitude>0</altitude>
				<heading>-0.0006226843866837294</heading>
				<tilt>0</tilt>
				<range>656.4841136613196</range>
				<gx:altitudeMode>relativeToSeaFloor</gx:altitudeMode>
			</LookAt>
			<styleUrl>#msn_R</styleUrl>
			<Point>
				<coordinates>-53.8564150943898,-29.6997511959581,0</coordinates>
			</Point>
		</Placemark>
		<Placemark>
			<name>JKBAA</name>
			<LookAt>
				<longitude>-53.8605015952202</longitude>
				<latitude>-29.691592445001</latitude>
				<altitude>0</altitude>
				<heading>-0.0006226843866837294</heading>
				<tilt>0</tilt>
				<range>656.4841136613196</range>
				<gx:altitudeMode>relativeToSeaFloor</gx:altitudeMode>
			</LookAt>
			<styleUrl>#msn_J1</styleUrl>
			<Point>
				<coordinates>-53.8605015952202,-29.691592445001,0</coordinates>
			</Point>
		</Placemark>
		<Placemark>
			<name>JKBAD</name>
			<LookAt>
				<longitude>-53.87141656328681</longitude>
				<latitude>-29.69437659045335</latitude>
				<altitude>0</altitude>
				<heading>0.007225761316383531</heading>
				<tilt>0</tilt>
				<range>337.8378780370709</range>
				<gx:altitudeMode>relativeToSeaFloor</gx:altitudeMode>
			</LookAt>
			<styleUrl>#msn_P3</styleUrl>
			<Point>
				<coordinates>-53.8702916643651,-29.69397423877191,0</coordinates>
			</Point>
		</Placemark>
		<Placemark>
			<name>JKBAH</name>
			<LookAt>
				<longitude>-53.8732484620311</longitude>
				<latitude>-29.7035812590293</latitude>
				<altitude>0</altitude>
				<heading>-0.0006226843866837294</heading>
				<tilt>0</tilt>
				<range>656.4841136613196</range>
				<gx:altitudeMode>relativeToSeaFloor</gx:altitudeMode>
			</LookAt>
			<styleUrl>#msn_T0</styleUrl>
			<Point>
				<coordinates>-53.87324846203111,-29.7035812590293,0</coordinates>
			</Point>
		</Placemark>
		<Placemark>
			<name>JKBAG</name>
			<LookAt>
				<longitude>-53.8760256071415</longitude>
				<latitude>-29.6994161017711</latitude>
				<altitude>0</altitude>
				<heading>-0.0006226843866837294</heading>
				<tilt>0</tilt>
				<range>656.4841136613196</range>
				<gx:altitudeMode>relativeToSeaFloor</gx:altitudeMode>
			</LookAt>
			<styleUrl>#msn_T0</styleUrl>
			<Point>
				<coordinates>-53.8760256071415,-29.6994161017711,0</coordinates>
			</Point>
		</Placemark>
		<Placemark>
			<name>JKBAE</name>
			<LookAt>
				<longitude>-53.87702675352217</longitude>
				<latitude>-29.69351497388114</latitude>
				<altitude>0</altitude>
				<heading>0.01001762653146177</heading>
				<tilt>11.01994942726913</tilt>
				<range>118.8759453058488</range>
				<gx:altitudeMode>relativeToSeaFloor</gx:altitudeMode>
			</LookAt>
			<styleUrl>#msn_P2</styleUrl>
			<Point>
				<coordinates>-53.87744370954153,-29.69337701144469,0</coordinates>
			</Point>
		</Placemark>
		<Placemark>
			<name>CMBAA</name>
			<LookAt>
				<longitude>-53.76526044191338</longitude>
				<latitude>-29.69569275241203</latitude>
				<altitude>0</altitude>
				<heading>-0.03336966621329863</heading>
				<tilt>28.15116118297307</tilt>
				<range>469.2740699633567</range>
				<gx:altitudeMode>relativeToSeaFloor</gx:altitudeMode>
			</LookAt>
			<styleUrl>#msn_A0</styleUrl>
			<Point>
				<coordinates>-53.76531363695992,-29.6960283897464,0</coordinates>
			</Point>
		</Placemark>
		<Placemark>
			<name>TMZAD</name>
			<LookAt>
				<longitude>-53.78015188801975</longitude>
				<latitude>-29.71366129884742</latitude>
				<altitude>0</altitude>
				<heading>-0.009822617734119278</heading>
				<tilt>28.10307934865152</tilt>
				<range>217.9708742659506</range>
				<gx:altitudeMode>relativeToSeaFloor</gx:altitudeMode>
			</LookAt>
			<styleUrl>#sn_NODE60</styleUrl>
			<Point>
				<gx:drawOrder>1</gx:drawOrder>
				<coordinates>-53.78034677834442,-29.71380451541866,0</coordinates>
			</Point>
		</Placemark>
		<Placemark>
			<name>TMZAE</name>
			<LookAt>
				<longitude>-53.78500233215242</longitude>
				<latitude>-29.71480670037348</latitude>
				<altitude>0</altitude>
				<heading>-0.007418335371840661</heading>
				<tilt>28.10308370469397</tilt>
				<range>219.0002847682077</range>
				<gx:altitudeMode>relativeToSeaFloor</gx:altitudeMode>
			</LookAt>
			<styleUrl>#msn_T2</styleUrl>
			<Point>
				<gx:drawOrder>1</gx:drawOrder>
				<coordinates>-53.78558282742154,-29.71491325467785,0</coordinates>
			</Point>
		</Placemark>
		<Placemark>
			<name>CMBAJ</name>
			<LookAt>
				<longitude>-53.73712895524083</longitude>
				<latitude>-29.69234204881345</latitude>
				<altitude>0</altitude>
				<heading>-0.03103000075382124</heading>
				<tilt>28.30399453931042</tilt>
				<range>349.458756183122</range>
				<gx:altitudeMode>relativeToSeaFloor</gx:altitudeMode>
			</LookAt>
			<styleUrl>#msn_O</styleUrl>
			<Point>
				<gx:drawOrder>1</gx:drawOrder>
				<coordinates>-53.73819211092228,-29.6922933795875,0</coordinates>
			</Point>
		</Placemark>
		<Placemark>
			<name>CNTBF</name>
			<LookAt>
				<longitude>-53.83124690682966</longitude>
				<latitude>-29.68610758311851</latitude>
				<altitude>0</altitude>
				<heading>0.00348185152130564</heading>
				<tilt>30.00224697030845</tilt>
				<range>500.2745381388624</range>
				<gx:altitudeMode>relativeToSeaFloor</gx:altitudeMode>
			</LookAt>
			<styleUrl>#msn_X</styleUrl>
			<Point>
				<gx:drawOrder>1</gx:drawOrder>
				<coordinates>-53.83254686186522,-29.68544517607471,0</coordinates>
			</Point>
		</Placemark>
		<Placemark>
			<name>CNTBE</name>
			<LookAt>
				<longitude>-53.82669113430244</longitude>
				<latitude>-29.68853597076084</latitude>
				<altitude>0</altitude>
				<heading>0.001225520724382662</heading>
				<tilt>30.00143987690666</tilt>
				<range>320.5493316432913</range>
				<gx:altitudeMode>relativeToSeaFloor</gx:altitudeMode>
			</LookAt>
			<styleUrl>#msn_X</styleUrl>
			<Point>
				<gx:drawOrder>1</gx:drawOrder>
				<coordinates>-53.82659033778617,-29.68820301831508,0</coordinates>
			</Point>
		</Placemark>
		<Placemark>
			<name>CNTBB</name>
			<LookAt>
				<longitude>-53.81615214870865</longitude>
				<latitude>-29.69088594663009</latitude>
				<altitude>0</altitude>
				<heading>-0.02049402812842304</heading>
				<tilt>30.00358683045718</tilt>
				<range>798.3246426342915</range>
				<gx:altitudeMode>relativeToSeaFloor</gx:altitudeMode>
			</LookAt>
			<styleUrl>#msn_T1</styleUrl>
			<Point>
				<gx:drawOrder>1</gx:drawOrder>
				<coordinates>-53.81597695234787,-29.69074849671739,0</coordinates>
			</Point>
		</Placemark>
		<Placemark>
			<name>CMBAO</name>
			<LookAt>
				<longitude>-53.76729194653717</longitude>
				<latitude>-29.70833216155582</latitude>
				<altitude>0</altitude>
				<heading>-3.156246413096004</heading>
				<tilt>30.00170077247485</tilt>
				<range>378.653104082379</range>
				<gx:altitudeMode>relativeToSeaFloor</gx:altitudeMode>
			</LookAt>
			<styleUrl>#msn_M0</styleUrl>
			<Point>
				<gx:drawOrder>1</gx:drawOrder>
				<coordinates>-53.76815194620049,-29.70879132876045,0</coordinates>
			</Point>
		</Placemark>
		<Placemark>
			<name>DSM</name>
			<LookAt>
				<longitude>-53.74134754865072</longitude>
				<latitude>-29.70733008432965</latitude>
				<altitude>0</altitude>
				<heading>-0.03917795796081918</heading>
				<tilt>19.65956139112695</tilt>
				<range>422.6371231460905</range>
				<gx:altitudeMode>relativeToSeaFloor</gx:altitudeMode>
			</LookAt>
			<styleUrl>#msn_D1</styleUrl>
			<Point>
				<gx:drawOrder>1</gx:drawOrder>
				<coordinates>-53.74215764205015,-29.70738486012361,0</coordinates>
			</Point>
		</Placemark>
		<Placemark>
			<name>CNTBM</name>
			<LookAt>
				<longitude>-53.81645519323179</longitude>
				<latitude>-29.6983162957018</latitude>
				<altitude>0</altitude>
				<heading>-0.009484754954104531</heading>
				<tilt>26.43311246937662</tilt>
				<range>413.9930386134163</range>
				<gx:altitudeMode>relativeToSeaFloor</gx:altitudeMode>
			</LookAt>
			<styleUrl>#msn_O1</styleUrl>
			<Point>
				<gx:drawOrder>1</gx:drawOrder>
				<coordinates>-53.81846507970565,-29.698459242614,0</coordinates>
			</Point>
		</Placemark>
		<Placemark>
			<name>CNTAR</name>
			<LookAt>
				<longitude>-53.81006199492326</longitude>
				<latitude>-29.70343076343336</latitude>
				<altitude>0</altitude>
				<heading>-0.01283324946390594</heading>
				<tilt>23.37018431569029</tilt>
				<range>878.423272201821</range>
				<gx:altitudeMode>relativeToSeaFloor</gx:altitudeMode>
			</LookAt>
			<styleUrl>#msn_M1</styleUrl>
			<Point>
				<gx:drawOrder>1</gx:drawOrder>
				<coordinates>-53.81091977797228,-29.70335992831731,0</coordinates>
			</Point>
		</Placemark>
		<Placemark>
			<name>CNTBI</name>
			<LookAt>
				<longitude>-53.78812914187883</longitude>
				<latitude>-29.68366999477055</latitude>
				<altitude>0</altitude>
				<heading>-3.147988307218535</heading>
				<tilt>24.05293144761235</tilt>
				<range>229.3524950128366</range>
				<gx:altitudeMode>relativeToSeaFloor</gx:altitudeMode>
			</LookAt>
			<styleUrl>#msn_B</styleUrl>
			<Point>
				<gx:drawOrder>1</gx:drawOrder>
				<coordinates>-53.78826263601208,-29.68367411381187,0</coordinates>
			</Point>
		</Placemark>
		<Placemark>
			<name>CNTAV</name>
			<LookAt>
				<longitude>-53.82594862345462</longitude>
				<latitude>-29.7034418848795</latitude>
				<altitude>0</altitude>
				<heading>-3.128260943107168</heading>
				<tilt>28.24306635482362</tilt>
				<range>1907.867731847802</range>
				<gx:altitudeMode>relativeToSeaFloor</gx:altitudeMode>
			</LookAt>
			<styleUrl>#msn_P1</styleUrl>
			<Point>
				<gx:drawOrder>1</gx:drawOrder>
				<coordinates>-53.82958103401519,-29.70753313910025,0</coordinates>
			</Point>
		</Placemark>
		<Placemark>
			<name>CNTBK</name>
			<LookAt>
				<longitude>-53.80535275552286</longitude>
				<latitude>-29.6886643623703</latitude>
				<altitude>0</altitude>
				<heading>-3.139754259244143</heading>
				<tilt>29.43368956899335</tilt>
				<range>454.7270438291376</range>
				<gx:altitudeMode>relativeToSeaFloor</gx:altitudeMode>
			</LookAt>
			<styleUrl>#msn_H</styleUrl>
			<Point>
				<gx:drawOrder>1</gx:drawOrder>
				<coordinates>-53.80752604376274,-29.68791350379393,0</coordinates>
			</Point>
		</Placemark>
		<Placemark>
			<name>CNTBJ</name>
			<LookAt>
				<longitude>-53.79523342191802</longitude>
				<latitude>-29.68878599584995</latitude>
				<altitude>0</altitude>
				<heading>0.9654894935202406</heading>
				<tilt>30.0048311949745</tilt>
				<range>1076.451871552065</range>
				<gx:altitudeMode>relativeToSeaFloor</gx:altitudeMode>
			</LookAt>
			<styleUrl>#msn_C2</styleUrl>
			<Point>
				<gx:drawOrder>1</gx:drawOrder>
				<coordinates>-53.79528922279308,-29.68916764518994,0</coordinates>
			</Point>
		</Placemark>
		<Placemark>
			<name>CNTBL</name>
			<LookAt>
				<longitude>-53.80369936867111</longitude>
				<latitude>-29.70038596771088</latitude>
				<altitude>0</altitude>
				<heading>-1.67834371596775</heading>
				<tilt>26.3641458223039</tilt>
				<range>941.5668312186507</range>
				<gx:altitudeMode>relativeToSeaFloor</gx:altitudeMode>
			</LookAt>
			<styleUrl>#msn_M2</styleUrl>
			<Point>
				<gx:drawOrder>1</gx:drawOrder>
				<coordinates>-53.806504125024,-29.70187182372061,0</coordinates>
			</Point>
		</Placemark>
		<Placemark>
			<name>CNTBO</name>
			<LookAt>
				<longitude>-53.81080705658844</longitude>
				<latitude>-29.69551999534054</latitude>
				<altitude>0</altitude>
				<heading>-1.679545245697632</heading>
				<tilt>20.52369330934198</tilt>
				<range>618.1595549728264</range>
				<gx:altitudeMode>relativeToSeaFloor</gx:altitudeMode>
			</LookAt>
			<styleUrl>#msn_Q</styleUrl>
			<Point>
				<gx:drawOrder>1</gx:drawOrder>
				<coordinates>-53.81043956414121,-29.69494038655502,0</coordinates>
			</Point>
		</Placemark>
		<Placemark>
			<name>CNTAHB</name>
			<LookAt>
				<longitude>-53.80715105675397</longitude>
				<latitude>-29.68207434987604</latitude>
				<altitude>0</altitude>
				<heading>-0.0005786011312059256</heading>
				<tilt>31.48925605886345</tilt>
				<range>310.8873605973781</range>
				<gx:altitudeMode>relativeToSeaFloor</gx:altitudeMode>
			</LookAt>
			<styleUrl>#msn_F0</styleUrl>
			<Point>
				<gx:drawOrder>1</gx:drawOrder>
				<coordinates>-53.80570956446838,-29.6823099446326,0</coordinates>
			</Point>
		</Placemark>
		<Placemark>
			<name>CNTAPB</name>
			<LookAt>
				<longitude>-53.81178581698184</longitude>
				<latitude>-29.6809920459016</latitude>
				<altitude>0</altitude>
				<heading>0.002311256435452862</heading>
				<tilt>21.29238706020819</tilt>
				<range>312.1051845970915</range>
				<gx:altitudeMode>relativeToSeaFloor</gx:altitudeMode>
			</LookAt>
			<styleUrl>#msn_L1</styleUrl>
			<Point>
				<gx:drawOrder>1</gx:drawOrder>
				<coordinates>-53.81203283230856,-29.68136409806123,0</coordinates>
			</Point>
		</Placemark>
		<Placemark>
			<name>CNTAIB</name>
			<LookAt>
				<longitude>-53.80533130766905</longitude>
				<latitude>-29.70763161839847</latitude>
				<altitude>0</altitude>
				<heading>0.0001598646544326901</heading>
				<tilt>29.15182282812816</tilt>
				<range>174.6408864624293</range>
				<gx:altitudeMode>relativeToSeaFloor</gx:altitudeMode>
			</LookAt>
			<styleUrl>#msn_F</styleUrl>
			<Point>
				<gx:drawOrder>1</gx:drawOrder>
				<coordinates>-53.80569687002931,-29.70765914857647,0</coordinates>
			</Point>
		</Placemark>
		<Placemark>
			<name>CNTAWB</name>
			<LookAt>
				<longitude>-53.82182656130412</longitude>
				<latitude>-29.70261309945847</latitude>
				<altitude>0</altitude>
				<heading>-0.003387408035187622</heading>
				<tilt>30.34028989772227</tilt>
				<range>289.6476018994675</range>
				<gx:altitudeMode>relativeToSeaFloor</gx:altitudeMode>
			</LookAt>
			<styleUrl>#msn_P</styleUrl>
			<Point>
				<gx:drawOrder>1</gx:drawOrder>
				<coordinates>-53.82249288890988,-29.7028896283828,0</coordinates>
			</Point>
		</Placemark>
		<Placemark>
			<name>S2</name>
			<LookAt>
				<longitude>-53.81539490976699</longitude>
				<latitude>-29.68597407234058</latitude>
				<altitude>0</altitude>
				<heading>-8.576077945200044e-05</heading>
				<tilt>29.49632737610189</tilt>
				<range>641.3880766590302</range>
				<gx:altitudeMode>relativeToSeaFloor</gx:altitudeMode>
			</LookAt>
			<styleUrl>#msn_S</styleUrl>
			<Point>
				<gx:drawOrder>1</gx:drawOrder>
				<coordinates>-53.81496604820449,-29.6857532663993,0</coordinates>
			</Point>
		</Placemark>
		<Placemark>
			<name>T2</name>
			<LookAt>
				<longitude>-53.82012911070449</longitude>
				<latitude>-29.6887918446742</latitude>
				<altitude>0</altitude>
				<heading>-9.68792467751395</heading>
				<tilt>29.70516185971221</tilt>
				<range>285.1578830959289</range>
				<gx:altitudeMode>relativeToSeaFloor</gx:altitudeMode>
			</LookAt>
			<styleUrl>#msn_T</styleUrl>
			<Point>
				<gx:drawOrder>1</gx:drawOrder>
				<coordinates>-53.81929869700252,-29.68886656131541,0</coordinates>
			</Point>
		</Placemark>
	</Folder>
</Document>
</kml>
